model,dataset,target,method,n,n_pos,pos_rate,auroc,auroc_ci_low,auroc_ci_high,auprc,auprc_ci_low,auprc_ci_high,prr,prr_ci_low,prr_ci_high
llava,vilp,error,perplexity,886,417,0.4706546275395034,0.5745910734099288,0.5396041871941688,0.6106717954522668,0.549918955954322,0.5055114370435917,0.5967240643251748,0.12897911365414838,0.044117107507496006,0.22022469526276583
llava,vilp,error,semantic_entropy,886,417,0.4706546275395034,0.6550571909210372,0.6216263652592876,0.6898481307604628,0.5933672883100098,0.5519089963311221,0.6468025764546476,0.3729131419591729,0.2943365644794389,0.44850441747488856
llava,vilp,error,umpire,886,417,0.4706546275395034,0.6091996338962945,0.5730734144124398,0.644719263947714,0.5463196954812701,0.5062145776595467,0.601566364874695,0.28581187188524865,0.20724493445685888,0.3666534423846339
llava,vilp,hallucination,perplexity,886,467,0.5270880361173815,0.5411145124774496,0.5042051270876666,0.580276374113987,0.56639402871554,0.5185903100571121,0.6170209577466791,0.062118883887847406,-0.023229841354404354,0.1540590069207787
llava,vilp,hallucination,semantic_entropy,886,467,0.5270880361173815,0.6046490829087304,0.5686581122230592,0.6403547318150723,0.6086999073970132,0.5667011740986808,0.6585020966895052,0.24149819213494556,0.1587069367542326,0.3245495995684044
llava,vilp,hallucination,umpire,886,467,0.5270880361173815,0.5703903962222688,0.5307700479533682,0.6092733067925272,0.5745831950375461,0.5299856080101669,0.623141375137858,0.2215863772553496,0.13479926340214346,0.30976412839004713
llava,vilp,hallucination_given_error,perplexity,417,363,0.8705035971223022,0.3650902969084787,0.27883078836638875,0.4463296410366371,0.8235571320629839,0.7724502234121733,0.879193368080683,-0.16061510491515393,-0.25556547765189785,-0.0573173843677924
llava,vilp,hallucination_given_error,semantic_entropy,417,363,0.8705035971223022,0.4681665136210591,0.3880682125478117,0.5515974846405061,0.8694731694937325,0.8275240669937024,0.9113324507782286,-0.05495454038255328,-0.1585292753868782,0.05940933024105979
llava,vilp,hallucination_given_error,umpire,417,363,0.8705035971223022,0.43464952555861647,0.3470652053764867,0.5251659470040505,0.8465279144747996,0.7948085458944798,0.8990842120617047,-0.07434320065987701,-0.19672604411412012,0.054334213759161205
llava,hallusionbench,error,perplexity,1108,539,0.48646209386281586,0.5667137281498316,0.5377912036405997,0.5947952967186442,0.5255058729126187,0.4894582679878827,0.5644445182905489,0.19329204439964617,0.12501504550835707,0.2611597872377104
llava,hallusionbench,error,semantic_entropy,1108,539,0.48646209386281586,0.5530843748267801,0.5193421763178493,0.5861523271897622,0.5180986395573322,0.479296944637642,0.563126249517879,0.15375276276250835,0.07447606892716858,0.23330846800952537
llava,hallusionbench,error,umpire,1108,539,0.48646209386281586,0.5788334186526504,0.5467531444802536,0.6120421232060261,0.560890948763812,0.5192310145210602,0.6054175795417969,0.19404420221194102,0.11360789119343104,0.2738938569166696
llava,hallusionbench,hallucination,perplexity,1108,881,0.7951263537906137,0.6068244435888333,0.5648765973573224,0.6459285022665483,0.8596187348071708,0.8282530909884842,0.8867708142118478,0.14624433126589456,0.07307842931595418,0.2255330954426044
llava,hallusionbench,hallucination,semantic_entropy,1108,881,0.7951263537906137,0.5683069399510968,0.5176387220138602,0.619842572074531,0.8113248219390972,0.7755285261951076,0.8469322196293934,0.14978260113915773,0.05816674887341148,0.24442910248250635
llava,hallusionbench,hallucination,umpire,1108,881,0.7951263537906137,0.5879232150089756,0.5409468083908018,0.6332558923768976,0.8386481245059931,0.8038218923642187,0.8706782983187408,0.16073505499352458,0.0571722677816372,0.2587891757147352
llava,hallusionbench,hallucination_given_error,perplexity,539,532,0.987012987012987,0.4381041890440387,0.23204065319173234,0.6589052670248428,0.986957051558353,0.974995150659484,0.9965419455969114,-0.06205514046136011,-0.15564961697623378,0.06815760985173631
llava,hallusionbench,hallucination_given_error,semantic_entropy,539,532,0.987012987012987,0.4532760472610097,0.2065503648749722,0.699445259490189,0.9856540738543556,0.9701415139463564,0.9966836324251471,-0.041877011878628106,-0.16297447776360074,0.092921234681582
llava,hallusionbench,hallucination_given_error,umpire,539,532,0.987012987012987,0.30746509129967775,0.1696991739951595,0.44514009396819715,0.9826039621194627,0.9678097862606383,0.9949614581583762,-0.14059617904570507,-0.18066043095239928,-0.08156512407296836
llava,mmvet,error,perplexity,216,164,0.7592592592592593,0.7577392120075047,0.670723087253194,0.8337726685187329,0.8836168425543994,0.8266251254654674,0.9368588395992147,0.558420034622581,0.3966658862486224,0.6959399205800195
llava,mmvet,error,semantic_entropy,216,164,0.7592592592592593,0.8076923076923077,0.7266058419258661,0.875333637541545,0.9124247111716994,0.861043762685457,0.953949311802244,0.6747939192911943,0.5416986729267775,0.7862133652605867
llava,mmvet,error,umpire,216,164,0.7592592592592593,0.785764540337711,0.6963186646598304,0.8608504159239453,0.8874325592592494,0.8246516065386017,0.945439766621643,0.6301752128507311,0.4777706472825109,0.7509814943115563
llava,mmvet,hallucination,perplexity,216,152,0.7037037037037037,0.5665090460526315,0.47509920142336975,0.6506746883634011,0.7283713803041374,0.6506303946547614,0.814201776386694,0.23899106344101814,0.05070017561158533,0.39861667118834465
llava,mmvet,hallucination,semantic_entropy,216,152,0.7037037037037037,0.6968544407894737,0.6176685610510652,0.7685093643966757,0.8304653676956649,0.7640383442471751,0.893637844567463,0.44509188639893776,0.268555993429462,0.5838408094730017
llava,mmvet,hallucination,umpire,216,152,0.7037037037037037,0.6793791118421053,0.591855179391714,0.7577337115273555,0.7911185561512935,0.7129140722956399,0.8672492934944784,0.4376209045638065,0.2614765956695581,0.5742586702331183
llava,mmvet,hallucination_given_error,perplexity,164,139,0.8475609756097561,0.33323741007194246,0.22088413207009422,0.4430626854647541,0.7929738225975367,0.7131727500995132,0.877648704066017,-0.24052791956229747,-0.34519830184662087,-0.13137027653617991
llava,mmvet,hallucination_given_error,semantic_entropy,164,139,0.8475609756097561,0.5257553956834532,0.41968967013888886,0.6290687034211548,0.8762949324547396,0.8124085798135277,0.9301094634928313,-0.05725862357147047,-0.1783311174305407,0.08396207571130854
llava,mmvet,hallucination_given_error,umpire,164,139,0.8475609756097561,0.5044604316546762,0.37688498551807903,0.6213203170069367,0.8570982125162401,0.7840862962356279,0.9235205190119137,-0.0572346192999132,-0.19124397313359384,0.0897185900872733
qwen,vilp,error,perplexity,898,317,0.3530066815144766,0.6121584128311353,0.5781239365479001,0.6489050107676554,0.46214702347453473,0.40866735957340034,0.5241700721439768,0.30985563235368646,0.22595741235164332,0.39460106406730794
qwen,vilp,error,semantic_entropy,898,317,0.3530066815144766,0.7173751337029054,0.679723829321169,0.7504097670127026,0.552818088058796,0.49193380681378934,0.609239851157396,0.49202470739961573,0.4095643688806222,0.5628861592843067
qwen,vilp,error,umpire,898,317,0.3530066815144766,0.6525787693360191,0.6174567486955594,0.686868942930603,0.4885610143135931,0.43309664434436673,0.5457748057373963,0.39245588132921483,0.30618399249974065,0.4755771346715755
qwen,vilp,hallucination,perplexity,898,215,0.23942093541202672,0.5005584119309476,0.45848709076294597,0.5443779919357802,0.22783328226507615,0.19898254030169524,0.26619861122296157,0.06879339319733757,-0.05209874004363461,0.18862261735008534
qwen,vilp,hallucination,semantic_entropy,898,215,0.23942093541202672,0.6088188225680139,0.5652577489536923,0.6470538430972083,0.3075302833971387,0.26193326914470305,0.36916947662668453,0.2690946950946298,0.1582784179417698,0.3684811458250506
qwen,vilp,hallucination,umpire,898,215,0.23942093541202672,0.5459498110252307,0.5011294586589616,0.5943750805634056,0.2576724212443551,0.22292978819741938,0.30743946718037496,0.1622653873924711,0.03320899147768671,0.2876150741376093
qwen,vilp,hallucination_given_error,perplexity,317,180,0.5678233438485805,0.3218978102189781,0.26091140945681845,0.38622815403944716,0.4508674450612164,0.39275898664016873,0.5217209211982466,-0.3783186025581968,-0.49629447252663533,-0.255453462777946
qwen,vilp,hallucination_given_error,semantic_entropy,317,180,0.5678233438485805,0.41005677210056773,0.34726013280789403,0.4746218529277739,0.5229161025812763,0.4561290829821191,0.6042808654875468,-0.22793551164509013,-0.353017280552458,-0.0961491327164092
qwen,vilp,hallucination_given_error,umpire,317,180,0.5678233438485805,0.3597729115977291,0.29725185866906373,0.42901213692786627,0.47651377499378755,0.4176069461978248,0.5560257887287908,-0.34464418397277774,-0.46968016473499846,-0.20609723713192632
qwen,hallusionbench,error,perplexity,1099,373,0.3393994540491356,0.6430882059690248,0.6065768445330846,0.6765080540054728,0.4564499637821699,0.411328512792884,0.5048441162590663,0.3579093726817343,0.27839362077619983,0.42740290174706214
qwen,hallusionbench,error,semantic_entropy,1099,373,0.3393994540491356,0.6525528253532153,0.6150868791725573,0.6927342979139534,0.45624803268170094,0.4116609471410258,0.5082490732306532,0.3566698640963259,0.26858376430133124,0.4434085865625471
qwen,hallusionbench,error,umpire,1099,373,0.3393994540491356,0.6287121766039631,0.5890861202910038,0.66804002090439,0.4331876554174916,0.3929779820847104,0.47953128320763155,0.3536282419654883,0.24762649814337728,0.4497012334214664
qwen,hallusionbench,hallucination,perplexity,1099,514,0.467697907188353,0.5584538893877415,0.5111080588317093,0.6015272220657063,0.5142981420410466,0.4641990755768396,0.5662281226324597,0.08641250532583566,-0.04108077734491605,0.20746463572122203
qwen,hallusionbench,hallucination,semantic_entropy,1099,514,0.467697907188353,0.6393661245801323,0.6015833879250359,0.6801175056606918,0.5571543870547522,0.5088246531429879,0.6094750855231559,0.30585674219568915,0.22469657643770619,0.3883084870611293
qwen,hallusionbench,hallucination,umpire,1099,514,0.467697907188353,0.6133692507233364,0.5686798677385433,0.6576111140710424,0.5321449103313953,0.4839327209639179,0.5872455235908834,0.2950267428855017,0.18025731811286794,0.4101364701216857
qwen,hallusionbench,hallucination_given_error,perplexity,373,322,0.8632707774798928,0.4156010230179028,0.3218498967717718,0.514179104854591,0.8261408517599045,0.7674574289961904,0.8873646809564784,-0.0709951593677836,-0.21276524100904629,0.08293498056907078
qwen,hallusionbench,hallucination_given_error,semantic_entropy,373,322,0.8632707774798928,0.39648033126293997,0.28972566960024837,0.49540443755057995,0.8222235230132786,0.756105316820373,0.8867306930003303,-0.1205949773215146,-0.24610340738651754,-0.00822273182589031
qwen,hallusionbench,hallucination_given_error,umpire,373,322,0.8632707774798928,0.4404457435147972,0.354891957737506,0.5257357013314459,0.83571639401901,0.7733450655714722,0.8963606171917563,-0.09914721254432023,-0.19737756797836833,0.010072574597169313
qwen,mmvet,error,perplexity,218,96,0.44036697247706424,0.7171277322404371,0.6497868393960192,0.7847814796650368,0.6718679474457685,0.5734614562218068,0.7690115268938804,0.5036956701747007,0.353078176835179,0.6415511867245138
qwen,mmvet,error,semantic_entropy,218,96,0.44036697247706424,0.8157445355191257,0.759107951925805,0.8696442092521102,0.743411828187154,0.6473681859677192,0.8365341094192584,0.7098327857365415,0.598377859078719,0.8136254314534717
qwen,mmvet,error,umpire,218,96,0.44036697247706424,0.7690403005464481,0.703892422707623,0.83059558056646,0.6978437358129929,0.5932311914706031,0.798570186107914,0.6022059331236633,0.44749290824372523,0.7374263074521641
qwen,mmvet,hallucination,perplexity,218,65,0.2981651376146789,0.5359979889391654,0.4547722533359799,0.6214429051121568,0.32102520074470187,0.2444118479742433,0.4207255091206513,0.07224016677665687,-0.1782644897229013,0.29646662674370783
qwen,mmvet,hallucination,semantic_entropy,218,65,0.2981651376146789,0.659175465057818,0.5667055818327731,0.739686157254243,0.4514596944403335,0.3419740055464699,0.5768683234035792,0.3232178318934457,0.0888517085288076,0.535207322748806
qwen,mmvet,hallucination,umpire,218,65,0.2981651376146789,0.5763700351935646,0.489215817778489,0.6637426898088212,0.368604414323759,0.2813141200657224,0.4877658381600319,0.18275567692531208,-0.08117567725090567,0.4167691740689209
qwen,mmvet,hallucination_given_error,perplexity,96,52,0.5416666666666666,0.3881118881118881,0.27359992287669915,0.49781497035573125,0.4672563472611276,0.3614289227588406,0.6059086685311237,-0.23637481106075825,-0.5325844175427488,0.01684107478172759
qwen,mmvet,hallucination_given_error,semantic_entropy,96,52,0.5416666666666666,0.5397727272727273,0.41461575771789183,0.6494912573044428,0.5887136236746346,0.46673973193543183,0.7278973434315373,-0.02179143212727602,-0.2829778226128316,0.2512905493317636
qwen,mmvet,hallucination_given_error,umpire,96,52,0.5416666666666666,0.39903846153846156,0.28214070917739265,0.5141337386018237,0.5052347152867619,0.3875659573910837,0.6472821275877904,-0.23166310734375212,-0.5063190650921879,0.03789826213004749
internvl,vilp,error,perplexity,900,344,0.38222222222222224,0.6220302827505437,0.5914878389154485,0.6572323098633497,0.4964277372137125,0.44928950398851,0.55185888505455,0.29823158362137864,0.2092089874772769,0.38981000388316983
internvl,vilp,error,semantic_entropy,900,344,0.38222222222222224,0.7189382215158107,0.686334641162096,0.7520864415794295,0.5814789614091227,0.5328015604542502,0.6323387959948623,0.5094403143051528,0.43408320538034234,0.5822310399431933
internvl,vilp,error,umpire,900,344,0.38222222222222224,0.6401936590262673,0.6081286721847946,0.6752484986537215,0.4768210330971843,0.4388878712492453,0.5276928402339851,0.35727243452604074,0.2530150141482417,0.4482830281603519
internvl,vilp,hallucination,perplexity,900,229,0.2544444444444444,0.532568870030392,0.4924129499656913,0.5750200235049269,0.2783723263889995,0.23611302629340156,0.33113281815310946,0.11418367175141389,-0.010075289963031753,0.22914422387524228
internvl,vilp,hallucination,semantic_entropy,900,229,0.2544444444444444,0.6567659557852127,0.6170276802172714,0.6959414306823231,0.38509158778193403,0.32705502671583814,0.4500839037141404,0.3900419980708429,0.28750657848432465,0.47813660265720936
internvl,vilp,hallucination,umpire,900,229,0.2544444444444444,0.5633122693756956,0.5247994679380193,0.6029649329819133,0.2794781924959251,0.2417369556437343,0.32301328969819876,0.2238511217992096,0.10728389365405593,0.3380168045066341
internvl,vilp,hallucination_given_error,perplexity,344,188,0.5465116279069767,0.4186272504091653,0.36152717865496714,0.4820384423894434,0.4913928363253558,0.4317674689780659,0.5679983759683074,-0.16671885169281533,-0.29576366044467056,-0.028587043906499437
internvl,vilp,hallucination_given_error,semantic_entropy,344,188,0.5465116279069767,0.4837868248772504,0.4187910925699677,0.5446912811719209,0.5664075072931145,0.4902960087535894,0.6436967325381212,-0.07175841647493715,-0.21277792084730418,0.06755124789599863
internvl,vilp,hallucination_given_error,umpire,344,188,0.5465116279069767,0.4413188761593017,0.38144177779922306,0.500903454379937,0.511735630312475,0.448305094089782,0.5858491436535296,-0.12838653413724566,-0.26567409727535846,0.015339396316869218
internvl,hallusionbench,error,perplexity,1126,326,0.2895204262877442,0.707777990797546,0.6735374286740025,0.7412170778735658,0.4800945336159316,0.4339307388006426,0.5306129073991043,0.49907220199386215,0.4069056090285484,0.5861632465199524
internvl,hallusionbench,error,semantic_entropy,1126,326,0.2895204262877442,0.7459240797546012,0.7129711988582759,0.7773987818829923,0.5010186424646972,0.4397841412031171,0.561916463364516,0.5754429371446548,0.5069758085339476,0.6396175300869423
internvl,hallusionbench,error,umpire,1126,326,0.2895204262877442,0.6740835889570552,0.6349481343446269,0.7122473164450337,0.4166061289408176,0.369174865337105,0.4721094568531448,0.49778207513628225,0.4121441149183795,0.5752503357266896
internvl,hallusionbench,hallucination,perplexity,1126,435,0.38632326820603907,0.6403213733220221,0.5946842471998498,0.6848311836947304,0.497197895164576,0.4349742857351801,0.5707361073074984,0.39735329969629635,0.2939252799313882,0.4987348688870062
internvl,hallusionbench,hallucination,semantic_entropy,1126,435,0.38632326820603907,0.6856995525392152,0.6472605616917632,0.7220404788893987,0.5268258451927674,0.46754151876592875,0.5869121662229799,0.4170990501881906,0.3345873511269447,0.4965583659961464
internvl,hallusionbench,hallucination,umpire,1126,435,0.38632326820603907,0.6610576043382071,0.6158612122564375,0.7012062199158225,0.47865222207284885,0.42356103808399187,0.5513953749861956,0.484649433049642,0.39203899252731805,0.5645042671717494
internvl,hallusionbench,hallucination_given_error,perplexity,326,257,0.7883435582822086,0.4515310438166131,0.3637913015116708,0.5391345568342002,0.7567944427529307,0.6681173313778045,0.8466289585785401,-0.08044506063571731,-0.20772547337181652,0.06545690909382992
internvl,hallusionbench,hallucination_given_error,semantic_entropy,326,257,0.7883435582822086,0.5350476512716404,0.4557986033241135,0.6120431944019188,0.7944143090509573,0.7178591584829431,0.8643375670436031,0.08874775420228374,-0.043877238861897684,0.22511497856018006
internvl,hallusionbench,hallucination_given_error,umpire,326,257,0.7883435582822086,0.44606101618451477,0.36271040488210504,0.5390805556849736,0.7481833851499802,0.660552659512022,0.8445289037440895,-0.018848741796239167,-0.183096703361951,0.15261111595242458
internvl,mmvet,error,perplexity,216,97,0.44907407407407407,0.7239019319067833,0.6543056470423513,0.7905016524153521,0.6469492743238913,0.5474962121423672,0.7477198186800204,0.561760003883575,0.41931457169683845,0.6806224012694397
internvl,mmvet,error,semantic_entropy,216,97,0.44907407407407407,0.8474833232261977,0.7895728986297649,0.8986401659024933,0.8176174281700341,0.733705507095634,0.8854412542321101,0.7190616828352668,0.5890993943137847,0.8315405397547706
internvl,mmvet,error,umpire,216,97,0.44907407407407407,0.8280343065061075,0.7650112629398842,0.8857940227997763,0.7656658261521456,0.6673578564789645,0.8540449208418103,0.6907019980971594,0.5289965827657485,0.8208979880428854
internvl,mmvet,hallucination,perplexity,216,57,0.2638888888888889,0.6317996248482842,0.5442686127130175,0.7097277462121212,0.38751117432218984,0.2859666419790383,0.5087524131267183,0.3913627978622241,0.19798024570031358,0.5523802019961986
internvl,mmvet,hallucination,semantic_entropy,216,57,0.2638888888888889,0.7793776895067859,0.7061926135732448,0.8446771469689849,0.544345805099831,0.4269389460440923,0.6774900983905849,0.6669967366838575,0.5214263450312633,0.7894396199326004
internvl,mmvet,hallucination,umpire,216,57,0.2638888888888889,0.719849939313693,0.6453042277359158,0.778602775149564,0.38698244964533,0.30428532049922674,0.5029360563452859,0.6068745884240213,0.4718818294367557,0.7109441046904494
internvl,mmvet,hallucination_given_error,perplexity,97,50,0.5154639175257731,0.4697872340425532,0.35721835075493613,0.5849592624356774,0.5426430161607283,0.4153695372946072,0.6789162751199637,-0.11214687716977707,-0.39240295930836955,0.14978087629201478
internvl,mmvet,hallucination_given_error,semantic_entropy,97,50,0.5154639175257731,0.6374468085106383,0.5289791371466925,0.7402258199220813,0.6325512259955145,0.5031863736402559,0.7767830618285552,0.3803084021898465,0.12727428562625534,0.5747276129643681
internvl,mmvet,hallucination_given_error,umpire,97,50,0.5154639175257731,0.4736170212765957,0.35585391140571376,0.5820468090959104,0.47334771415735677,0.37518289678822037,0.6037316370004883,0.06721670924934639,-0.22997749410363352,0.3018019546855065
