model,dataset,method,low_fraction,cell_n,low_n,high_n,low_score_cutoff,high_score_cutoff,low_error_rate,high_error_rate,low_hallucination_rate,high_hallucination_rate,low_severe_hallucination_rate,low_vs_high_hallucination_gap,low_hallucination_n,low_error_n,low_hallucination_share,high_hallucination_recall,cell_hallucination_n,cell_error_n,low_correct_clean_n,low_correct_hallucination_n,low_wrong_clean_n,low_wrong_hallucination_n
llava,vilp,perplexity,0.1,888,89,89,1.0004356807185368,1.3270484964556544,0.449438202247191,0.6404494382022472,0.4943820224719101,0.47191011235955055,0.33707865168539325,0.02247191011235955,44,40,0.09462365591397849,0.09032258064516129,465,435,35,14,10,30
llava,vilp,perplexity,0.2,888,178,178,1.000890744966662,1.1611829625068735,0.37640449438202245,0.6179775280898876,0.46629213483146065,0.4887640449438202,0.3202247191011236,-0.02247191011235955,83,67,0.17849462365591398,0.1870967741935484,465,435,85,26,10,57
llava,vilp,perplexity,0.3,888,267,267,1.002064392425834,1.0739651112739292,0.39325842696629215,0.6142322097378277,0.50187265917603,0.50187265917603,0.3408239700374532,0.0,134,105,0.28817204301075267,0.28817204301075267,465,435,119,43,14,91
llava,vilp,semantic_entropy,0.1,888,89,89,-0.0,1.2430311730622676,0.30337078651685395,0.6629213483146067,0.4157303370786517,0.6741573033707865,0.24719101123595505,-0.2584269662921348,37,27,0.07956989247311828,0.12903225806451613,465,435,47,15,5,22
llava,vilp,semantic_entropy,0.2,888,178,178,-0.0,1.012283185748499,0.3089887640449438,0.651685393258427,0.4157303370786517,0.6235955056179775,0.24157303370786518,-0.2078651685393258,74,55,0.15913978494623657,0.23870967741935484,465,435,92,31,12,43
llava,vilp,semantic_entropy,0.3,888,267,267,0.39117945363903867,0.9205201921668922,0.3445692883895131,0.6329588014981273,0.43820224719101125,0.6217228464419475,0.26591760299625467,-0.18352059925093628,117,92,0.25161290322580643,0.35698924731182796,465,435,129,46,21,71
llava,vilp,umpire,0.1,888,89,89,-16.10539178305772,27.316975531803806,0.25842696629213485,0.6179775280898876,0.38202247191011235,0.5730337078651685,0.2247191011235955,-0.19101123595505615,34,23,0.07311827956989247,0.10967741935483871,465,435,52,14,3,20
llava,vilp,umpire,0.2,888,178,178,-12.955658581905155,17.53347870849818,0.2752808988764045,0.6235955056179775,0.398876404494382,0.550561797752809,0.2247191011235955,-0.151685393258427,71,49,0.15268817204301074,0.210752688172043,465,435,98,31,9,40
llava,vilp,umpire,0.3,888,267,267,-9.930582011301091,10.235914885945736,0.3333333333333333,0.6329588014981273,0.45318352059925093,0.5692883895131086,0.2696629213483146,-0.11610486891385763,121,89,0.26021505376344084,0.32688172043010755,465,435,129,49,17,72
llava,hallusionbench,perplexity,0.1,1109,111,111,1.0001241207137634,1.1655310665299479,0.46846846846846846,0.5495495495495496,0.6306306306306306,0.8198198198198198,0.43243243243243246,-0.18918918918918914,70,52,0.08739076154806492,0.1136079900124844,801,561,37,22,4,48
llava,hallusionbench,perplexity,0.2,1109,222,222,1.0002439022026781,1.0366622007448487,0.5180180180180181,0.5585585585585585,0.6711711711711712,0.7927927927927928,0.4774774774774775,-0.1216216216216216,149,115,0.18601747815230962,0.21972534332084895,801,561,64,43,9,106
llava,hallusionbench,perplexity,0.3,1109,333,333,1.0004732608817164,1.012211346594698,0.4984984984984985,0.5375375375375375,0.6486486486486487,0.7867867867867868,0.45345345345345345,-0.13813813813813813,216,166,0.2696629213483146,0.32709113607990015,801,561,102,65,15,151
llava,hallusionbench,semantic_entropy,0.1,1109,111,111,-0.0,0.6775088238752847,0.44144144144144143,0.5045045045045045,0.6486486486486487,0.8198198198198198,0.38738738738738737,-0.1711711711711711,72,49,0.0898876404494382,0.1136079900124844,801,561,33,29,6,43
llava,hallusionbench,semantic_entropy,0.2,1109,222,222,-0.0,0.6729587125981833,0.49099099099099097,0.49099099099099097,0.6216216216216216,0.7792792792792793,0.40540540540540543,-0.1576576576576577,138,109,0.17228464419475656,0.21598002496878901,801,561,65,48,19,90
llava,hallusionbench,semantic_entropy,0.3,1109,333,333,-0.0,0.6296613449602866,0.5075075075075075,0.5105105105105106,0.6426426426426426,0.7777777777777778,0.43243243243243246,-0.1351351351351352,214,169,0.2671660424469413,0.3233458177278402,801,561,94,70,25,144
llava,hallusionbench,umpire,0.1,1109,111,111,-15.775320188223253,112.00379245183929,0.3963963963963964,0.5675675675675675,0.5585585585585585,0.8198198198198198,0.35135135135135137,-0.26126126126126126,62,44,0.07740324594257178,0.1136079900124844,801,561,44,23,5,39
llava,hallusionbench,umpire,0.2,1109,222,222,-13.526036459098652,76.84386788368597,0.4369369369369369,0.5315315315315315,0.5900900900900901,0.8018018018018018,0.3918918918918919,-0.21171171171171177,131,97,0.16354556803995007,0.2222222222222222,801,561,81,44,10,87
llava,hallusionbench,umpire,0.3,1109,333,333,-11.472634469951851,43.08166501616856,0.45045045045045046,0.5375375375375375,0.6126126126126126,0.8078078078078078,0.4024024024024024,-0.19519519519519524,204,150,0.2546816479400749,0.3358302122347066,801,561,113,70,16,134
llava,mmvet,perplexity,0.1,217,22,22,1.0007088011573655,1.8301321034245315,0.2727272727272727,0.9090909090909091,0.4090909090909091,0.6818181818181818,0.18181818181818182,-0.27272727272727265,9,6,0.06206896551724138,0.10344827586206896,145,168,11,5,2,4
llava,mmvet,perplexity,0.2,217,44,44,1.002948379472565,1.532088745766553,0.4318181818181818,0.9318181818181818,0.5,0.6136363636363636,0.36363636363636365,-0.11363636363636365,22,19,0.15172413793103448,0.18620689655172415,145,168,19,6,3,16
llava,mmvet,perplexity,0.3,217,66,66,1.0115249455618334,1.3050844799646248,0.5,0.9393939393939394,0.5606060606060606,0.6666666666666666,0.42424242424242425,-0.10606060606060608,37,33,0.25517241379310346,0.30344827586206896,145,168,24,9,5,28
llava,mmvet,semantic_entropy,0.1,217,22,22,-0.0,1.5535236122261957,0.2727272727272727,0.9090909090909091,0.45454545454545453,0.8181818181818182,0.22727272727272727,-0.3636363636363637,10,6,0.06896551724137931,0.12413793103448276,145,168,11,5,1,5
llava,mmvet,semantic_entropy,0.2,217,44,44,0.5329018318945035,1.4132306906152328,0.38636363636363635,0.8863636363636364,0.4090909090909091,0.8636363636363636,0.29545454545454547,-0.45454545454545453,18,17,0.12413793103448276,0.2620689655172414,145,168,22,5,4,13
llava,mmvet,semantic_entropy,0.3,217,66,66,0.6785731651902831,1.3313839911085021,0.5303030303030303,0.8787878787878788,0.48484848484848486,0.8636363636363636,0.3939393939393939,-0.3787878787878788,32,35,0.2206896551724138,0.3931034482758621,145,168,25,6,9,26
llava,mmvet,umpire,0.1,217,22,22,-15.099209705112774,9.209594397182045,0.13636363636363635,0.9545454545454546,0.2727272727272727,0.7727272727272727,0.09090909090909091,-0.5,6,3,0.041379310344827586,0.11724137931034483,145,168,15,4,1,2
llava,mmvet,umpire,0.2,217,44,44,-8.99761951542651,6.795552980413331,0.29545454545454547,0.9318181818181818,0.3409090909090909,0.7272727272727273,0.22727272727272727,-0.3863636363636364,15,13,0.10344827586206896,0.2206896551724138,145,168,26,5,3,10
llava,mmvet,umpire,0.3,217,66,66,-5.617647441768424,4.8328407573235594,0.4696969696969697,0.9242424242424242,0.4393939393939394,0.7727272727272727,0.3484848484848485,-0.3333333333333333,29,31,0.2,0.35172413793103446,145,168,29,6,8,23
qwen,vilp,perplexity,0.1,896,90,90,1.0005287160882972,1.3965625982755339,0.17777777777777778,0.5333333333333333,0.16666666666666666,0.2111111111111111,0.13333333333333333,-0.04444444444444445,15,16,0.08379888268156424,0.10614525139664804,179,293,71,3,4,12
qwen,vilp,perplexity,0.2,896,180,180,1.0014668987222062,1.1791285219141179,0.20555555555555555,0.49444444444444446,0.16111111111111112,0.2111111111111111,0.12777777777777777,-0.04999999999999999,29,37,0.16201117318435754,0.2122905027932961,179,293,137,6,14,23
qwen,vilp,perplexity,0.3,896,269,269,1.0030066816897265,1.0712993049551276,0.25650557620817843,0.4275092936802974,0.1895910780669145,0.1970260223048327,0.14869888475836432,-0.007434944237918212,51,69,0.2849162011173184,0.29608938547486036,179,293,189,11,29,40
qwen,vilp,semantic_entropy,0.1,896,90,90,-0.0,0.9465713665170288,0.15555555555555556,0.4444444444444444,0.1111111111111111,0.2111111111111111,0.07777777777777778,-0.1,10,14,0.055865921787709494,0.10614525139664804,179,293,73,3,7,7
qwen,vilp,semantic_entropy,0.2,896,180,180,-0.0,0.6826901214311324,0.15555555555555556,0.4722222222222222,0.13333333333333333,0.2833333333333333,0.08888888888888889,-0.15,24,28,0.1340782122905028,0.2849162011173184,179,293,144,8,12,16
qwen,vilp,semantic_entropy,0.3,896,269,269,-0.0,0.5689387585018827,0.17472118959107807,0.4646840148698885,0.1412639405204461,0.27137546468401486,0.08178438661710037,-0.13011152416356875,38,47,0.2122905027932961,0.40782122905027934,179,293,206,16,25,22
qwen,vilp,umpire,0.1,896,90,90,-17.56901177303687,32.287929134199544,0.1,0.5111111111111111,0.07777777777777778,0.2222222222222222,0.06666666666666667,-0.14444444444444443,7,9,0.03910614525139665,0.11173184357541899,179,293,80,1,3,6
qwen,vilp,umpire,0.2,896,180,180,-15.098453831892574,22.553876652789015,0.15,0.5,0.12222222222222222,0.24444444444444444,0.08888888888888889,-0.12222222222222222,22,27,0.12290502793296089,0.24581005586592178,179,293,147,6,11,16
qwen,vilp,umpire,0.3,896,269,269,-11.8777058244799,12.780827889169585,0.20074349442379183,0.44609665427509293,0.16356877323420074,0.2379182156133829,0.11524163568773234,-0.07434944237918215,44,54,0.24581005586592178,0.3575418994413408,179,293,202,13,23,31
qwen,hallusionbench,perplexity,0.1,1113,112,112,1.0001269578900813,1.2099083475595993,0.26785714285714285,0.5267857142857143,0.4017857142857143,0.5267857142857143,0.22321428571428573,-0.125,45,30,0.08670520231213873,0.11368015414258188,519,465,62,20,5,25
qwen,hallusionbench,perplexity,0.2,1113,223,223,1.0003273010276095,1.0546952725045025,0.2825112107623318,0.5515695067264574,0.40358744394618834,0.515695067264574,0.22869955156950672,-0.1121076233183857,90,63,0.17341040462427745,0.22157996146435452,519,465,121,39,12,51
qwen,hallusionbench,perplexity,0.3,1113,334,334,1.0009446382483052,1.014443635791153,0.27844311377245506,0.5299401197604791,0.4101796407185629,0.5119760479041916,0.23053892215568864,-0.10179640718562871,137,93,0.26396917148362237,0.32947976878612717,519,465,181,60,16,77
qwen,hallusionbench,semantic_entropy,0.1,1113,112,112,-0.0,0.6747357464820802,0.3125,0.5982142857142857,0.42857142857142855,0.5892857142857143,0.25892857142857145,-0.16071428571428575,48,35,0.09248554913294797,0.12716763005780346,519,465,58,19,6,29
qwen,hallusionbench,semantic_entropy,0.2,1113,223,223,-0.0,0.6651983792399208,0.3004484304932735,0.5739910313901345,0.37668161434977576,0.5919282511210763,0.242152466367713,-0.21524663677130051,84,67,0.16184971098265896,0.2543352601156069,519,465,126,30,13,54
qwen,hallusionbench,semantic_entropy,0.3,1113,334,334,-0.0,0.555902470991411,0.3203592814371258,0.5269461077844312,0.38922155688622756,0.5538922155688623,0.24850299401197604,-0.1646706586826347,130,107,0.2504816955684008,0.35645472061657035,519,465,180,47,24,83
qwen,hallusionbench,umpire,0.1,1113,112,112,-19.452974736045313,166.5896495117143,0.15178571428571427,0.4375,0.22321428571428573,0.48214285714285715,0.14285714285714285,-0.2589285714285714,25,17,0.04816955684007707,0.10404624277456648,519,465,86,9,1,16
qwen,hallusionbench,umpire,0.2,1113,223,223,-16.929015831469087,113.00458763622068,0.242152466367713,0.45739910313901344,0.3094170403587444,0.49327354260089684,0.19730941704035873,-0.18385650224215244,69,54,0.1329479768786127,0.2119460500963391,519,465,144,25,10,44
qwen,hallusionbench,umpire,0.3,1113,334,334,-14.390163706373874,65.7505236399894,0.2994011976047904,0.46407185628742514,0.37425149700598803,0.48502994011976047,0.24850299401197604,-0.11077844311377244,125,100,0.24084778420038536,0.31213872832369943,519,465,192,42,17,83
qwen,mmvet,perplexity,0.1,213,22,22,1.0002492221060986,1.7599085022009822,0.3181818181818182,0.8181818181818182,0.3181818181818182,0.18181818181818182,0.18181818181818182,0.13636363636363635,7,7,0.10606060606060606,0.06060606060606061,66,111,12,3,3,4
qwen,mmvet,perplexity,0.2,213,43,43,1.0011288758913053,1.4030143824636998,0.23255813953488372,0.813953488372093,0.27906976744186046,0.2558139534883721,0.13953488372093023,0.023255813953488358,12,10,0.18181818181818182,0.16666666666666666,66,111,27,6,4,6
qwen,mmvet,perplexity,0.3,213,64,64,1.0048554183387135,1.254759928333753,0.265625,0.75,0.3125,0.328125,0.171875,-0.015625,20,17,0.30303030303030304,0.3181818181818182,66,111,38,9,6,11
qwen,mmvet,semantic_entropy,0.1,213,22,22,-0.0,1.427055012743843,0.09090909090909091,0.9090909090909091,0.22727272727272727,0.4090909090909091,0.09090909090909091,-0.18181818181818185,5,2,0.07575757575757576,0.13636363636363635,66,111,17,3,0,2
qwen,mmvet,semantic_entropy,0.2,213,43,43,-0.0,1.1722864342873014,0.18604651162790697,0.8604651162790697,0.27906976744186046,0.32558139534883723,0.11627906976744186,-0.04651162790697677,12,8,0.18181818181818182,0.21212121212121213,66,111,28,7,3,5
qwen,mmvet,semantic_entropy,0.3,213,64,64,0.26121433608347305,0.9764937625690184,0.25,0.875,0.25,0.34375,0.109375,-0.09375,16,16,0.24242424242424243,0.3333333333333333,66,111,39,9,9,7
qwen,mmvet,umpire,0.1,213,22,22,-18.059445172450523,21.648962667410444,0.045454545454545456,0.8636363636363636,0.2727272727272727,0.13636363636363635,0.045454545454545456,0.13636363636363635,6,1,0.09090909090909091,0.045454545454545456,66,111,16,5,0,1
qwen,mmvet,umpire,0.2,213,43,43,-14.879632682645733,17.017998158715542,0.16279069767441862,0.8604651162790697,0.3023255813953488,0.20930232558139536,0.13953488372093023,0.09302325581395346,13,7,0.19696969696969696,0.13636363636363635,66,111,29,7,1,6
qwen,mmvet,umpire,0.3,213,64,64,-8.616984953347647,10.764623164879534,0.203125,0.84375,0.296875,0.296875,0.171875,0.0,19,13,0.2878787878787879,0.2878787878787879,66,111,43,8,2,11
internvl,vilp,perplexity,0.1,898,90,90,1.0003165475885991,1.2756537440682678,0.2222222222222222,0.4888888888888889,0.2111111111111111,0.25555555555555554,0.13333333333333333,-0.044444444444444425,19,20,0.07661290322580645,0.09274193548387097,248,328,63,7,8,12
internvl,vilp,perplexity,0.2,898,180,180,1.0006839275226074,1.1308113226103422,0.2111111111111111,0.4444444444444444,0.21666666666666667,0.2833333333333333,0.15555555555555556,-0.06666666666666665,39,38,0.15725806451612903,0.2056451612903226,248,328,131,11,10,28
internvl,vilp,perplexity,0.3,898,270,270,1.0013797443840213,1.0440240675419912,0.23333333333333334,0.46296296296296297,0.22962962962962963,0.3148148148148148,0.17037037037037037,-0.0851851851851852,62,63,0.25,0.34274193548387094,248,328,191,16,17,46
internvl,vilp,semantic_entropy,0.1,898,90,90,-0.0,1.041161169107837,0.12222222222222222,0.5444444444444444,0.1,0.4222222222222222,0.07777777777777778,-0.3222222222222222,9,11,0.036290322580645164,0.1532258064516129,248,328,77,2,4,7
internvl,vilp,semantic_entropy,0.2,898,180,180,-0.0,0.7602498864423803,0.16666666666666666,0.5888888888888889,0.15,0.42777777777777776,0.1111111111111111,-0.2777777777777778,27,30,0.10887096774193548,0.31048387096774194,248,328,143,7,10,20
internvl,vilp,semantic_entropy,0.3,898,270,270,-0.0,0.6531467377890791,0.2037037037037037,0.5444444444444444,0.18518518518518517,0.3888888888888889,0.14074074074074075,-0.20370370370370372,50,55,0.20161290322580644,0.42338709677419356,248,328,203,12,17,38
internvl,vilp,umpire,0.1,898,90,90,-17.825194861824315,50.40431826370131,0.13333333333333333,0.5333333333333333,0.13333333333333333,0.28888888888888886,0.07777777777777778,-0.15555555555555553,12,12,0.04838709677419355,0.10483870967741936,248,328,73,5,5,7
internvl,vilp,umpire,0.2,898,180,180,-15.030286947009097,33.33182382134028,0.17777777777777778,0.48333333333333334,0.15,0.31666666666666665,0.1111111111111111,-0.16666666666666666,27,32,0.10887096774193548,0.22983870967741934,248,328,141,7,12,20
internvl,vilp,umpire,0.3,898,270,270,-12.176560625614933,18.82775546250241,0.22592592592592592,0.45555555555555555,0.2,0.31851851851851853,0.14814814814814814,-0.11851851851851852,54,61,0.21774193548387097,0.3467741935483871,248,328,195,14,21,40
internvl,hallusionbench,perplexity,0.1,1122,113,113,1.0000352859501471,1.023334193167431,0.061946902654867256,0.584070796460177,0.13274336283185842,0.6017699115044248,0.035398230088495575,-0.46902654867256643,15,7,0.030120481927710843,0.13654618473895583,498,438,95,11,3,4
internvl,hallusionbench,perplexity,0.2,1122,225,225,1.0000855207441224,1.0036262035229129,0.17333333333333334,0.49333333333333335,0.27111111111111114,0.5288888888888889,0.13777777777777778,-0.2577777777777777,61,39,0.12248995983935743,0.2389558232931727,498,438,156,30,8,31
internvl,hallusionbench,perplexity,0.3,1122,337,337,1.0001470804232382,1.0014692306840978,0.22551928783382788,0.5252225519287834,0.3293768545994065,0.5014836795252225,0.18991097922848665,-0.17210682492581603,111,76,0.22289156626506024,0.3393574297188755,498,438,214,47,12,64
internvl,hallusionbench,semantic_entropy,0.1,1122,113,113,-0.0,0.6733499391703979,0.2831858407079646,0.6194690265486725,0.37168141592920356,0.5752212389380531,0.22123893805309736,-0.20353982300884954,42,32,0.08433734939759036,0.13052208835341367,498,438,64,17,7,25
internvl,hallusionbench,semantic_entropy,0.2,1122,225,225,-0.0,0.6727552438957014,0.24888888888888888,0.6133333333333333,0.3111111111111111,0.5822222222222222,0.19111111111111112,-0.2711111111111111,70,56,0.14056224899598393,0.26305220883534136,498,438,142,27,13,43
internvl,hallusionbench,semantic_entropy,0.3,1122,337,337,-0.0,0.5486616094148373,0.2433234421364985,0.5519287833827893,0.34421364985163205,0.5578635014836796,0.19287833827893175,-0.21364985163204753,116,82,0.23293172690763053,0.37751004016064255,498,438,204,51,17,65
internvl,hallusionbench,umpire,0.1,1122,113,113,-18.688703786256905,986.6291539581895,0.11504424778761062,0.48672566371681414,0.1415929203539823,0.5221238938053098,0.08849557522123894,-0.38053097345132747,16,13,0.0321285140562249,0.11847389558232932,498,438,94,6,3,10
internvl,hallusionbench,umpire,0.2,1122,225,225,-16.42408870910501,274.66435975465737,0.14222222222222222,0.48444444444444446,0.2311111111111111,0.5333333333333333,0.12444444444444444,-0.3022222222222222,52,32,0.10441767068273092,0.24096385542168675,498,438,169,24,4,28
internvl,hallusionbench,umpire,0.3,1122,337,337,-12.423119136889184,84.85614517005791,0.22255192878338279,0.5014836795252225,0.3026706231454006,0.5281899109792285,0.18694362017804153,-0.2255192878338279,102,75,0.20481927710843373,0.357429718875502,498,438,223,39,12,63
internvl,mmvet,perplexity,0.1,206,21,21,1.0001067306108893,1.593263807703316,0.09523809523809523,0.6190476190476191,0.047619047619047616,0.3333333333333333,0.047619047619047616,-0.2857142857142857,1,2,0.017241379310344827,0.1206896551724138,58,82,19,0,1,1
internvl,mmvet,perplexity,0.2,206,42,42,1.0005444672770134,1.2970139764825082,0.16666666666666666,0.5714285714285714,0.11904761904761904,0.30952380952380953,0.09523809523809523,-0.1904761904761905,5,7,0.08620689655172414,0.22413793103448276,58,82,34,1,3,4
internvl,mmvet,perplexity,0.3,206,62,62,1.001869803088845,1.1282015918970862,0.22580645161290322,0.5806451612903226,0.1935483870967742,0.3709677419354839,0.14516129032258066,-0.1774193548387097,12,14,0.20689655172413793,0.39655172413793105,58,82,45,3,5,9
internvl,mmvet,semantic_entropy,0.1,206,21,21,-0.0,1.4868300932127982,0.09523809523809523,0.9047619047619048,0.09523809523809523,0.7142857142857143,0.047619047619047616,-0.6190476190476191,2,2,0.034482758620689655,0.25862068965517243,58,82,18,1,1,1
internvl,mmvet,semantic_entropy,0.2,206,42,42,-0.0,1.3326049263444921,0.16666666666666666,0.8095238095238095,0.11904761904761904,0.6666666666666666,0.047619047619047616,-0.5476190476190476,5,7,0.08620689655172414,0.4827586206896552,58,82,32,3,5,2
internvl,mmvet,semantic_entropy,0.3,206,62,62,-0.0,1.1491647422913176,0.12903225806451613,0.7419354838709677,0.12903225806451613,0.5967741935483871,0.04838709677419355,-0.467741935483871,8,8,0.13793103448275862,0.6379310344827587,58,82,49,5,5,3
internvl,mmvet,umpire,0.1,206,21,21,-19.112614576279,28.429832017107415,0.09523809523809523,0.6190476190476191,0.047619047619047616,0.38095238095238093,0.047619047619047616,-0.3333333333333333,1,2,0.017241379310344827,0.13793103448275862,58,82,19,0,1,1
internvl,mmvet,umpire,0.2,206,42,42,-16.459979184729303,21.96565221719061,0.07142857142857142,0.7380952380952381,0.047619047619047616,0.40476190476190477,0.023809523809523808,-0.35714285714285715,2,3,0.034482758620689655,0.29310344827586204,58,82,38,1,2,1
internvl,mmvet,umpire,0.3,206,62,62,-12.988154211983357,12.62363734028577,0.16129032258064516,0.6451612903225806,0.0967741935483871,0.41935483870967744,0.03225806451612903,-0.32258064516129037,6,10,0.10344827586206896,0.4482758620689655,58,82,48,4,8,2
