model,dataset,low_fraction,pattern,n,error_n,hallucination_n,error_rate,hallucination_rate,severe_low_uq_n
llava,vilp,0.2,perplexity=low|semantic_entropy=low|umpire=low,47,9,13,0.19148936170212766,0.2765957446808511,8
llava,vilp,0.2,perplexity=low|semantic_entropy=low|umpire=not_low,14,5,9,0.35714285714285715,0.6428571428571429,5
llava,vilp,0.2,perplexity=low|semantic_entropy=not_low|umpire=low,42,16,18,0.38095238095238093,0.42857142857142855,13
llava,vilp,0.2,perplexity=low|semantic_entropy=not_low|umpire=not_low,75,37,43,0.49333333333333335,0.5733333333333334,31
llava,vilp,0.2,perplexity=not_low|semantic_entropy=low|umpire=low,47,12,19,0.2553191489361702,0.40425531914893614,10
llava,vilp,0.2,perplexity=not_low|semantic_entropy=low|umpire=not_low,70,29,33,0.4142857142857143,0.4714285714285714,20
llava,vilp,0.2,perplexity=not_low|semantic_entropy=not_low|umpire=low,42,12,21,0.2857142857142857,0.5,9
llava,vilp,0.2,perplexity=not_low|semantic_entropy=not_low|umpire=not_low,551,315,309,0.5716878402903811,0.5607985480943739,241
llava,hallusionbench,0.2,perplexity=low|semantic_entropy=low|umpire=low,52,29,31,0.5576923076923077,0.5961538461538461,26
llava,hallusionbench,0.2,perplexity=low|semantic_entropy=low|umpire=not_low,14,9,9,0.6428571428571429,0.6428571428571429,7
llava,hallusionbench,0.2,perplexity=low|semantic_entropy=not_low|umpire=low,31,18,22,0.5806451612903226,0.7096774193548387,17
llava,hallusionbench,0.2,perplexity=low|semantic_entropy=not_low|umpire=not_low,125,59,87,0.472,0.696,56
llava,hallusionbench,0.2,perplexity=not_low|semantic_entropy=low|umpire=low,71,25,38,0.352112676056338,0.5352112676056338,20
llava,hallusionbench,0.2,perplexity=not_low|semantic_entropy=low|umpire=not_low,85,46,60,0.5411764705882353,0.7058823529411765,37
llava,hallusionbench,0.2,perplexity=not_low|semantic_entropy=not_low|umpire=low,68,25,40,0.36764705882352944,0.5882352941176471,24
llava,hallusionbench,0.2,perplexity=not_low|semantic_entropy=not_low|umpire=not_low,663,350,514,0.5279034690799397,0.77526395173454,319
llava,mmvet,0.2,perplexity=low|semantic_entropy=low|umpire=low,18,1,4,0.05555555555555555,0.2222222222222222,0
llava,mmvet,0.2,perplexity=low|semantic_entropy=not_low|umpire=low,10,5,4,0.5,0.4,4
llava,mmvet,0.2,perplexity=low|semantic_entropy=not_low|umpire=not_low,16,13,14,0.8125,0.875,12
llava,mmvet,0.2,perplexity=not_low|semantic_entropy=low|umpire=low,11,5,5,0.45454545454545453,0.45454545454545453,5
llava,mmvet,0.2,perplexity=not_low|semantic_entropy=low|umpire=not_low,15,11,9,0.7333333333333333,0.6,8
llava,mmvet,0.2,perplexity=not_low|semantic_entropy=not_low|umpire=low,5,2,2,0.4,0.4,1
llava,mmvet,0.2,perplexity=not_low|semantic_entropy=not_low|umpire=not_low,142,131,107,0.9225352112676056,0.7535211267605634,100
qwen,vilp,0.2,perplexity=low|semantic_entropy=low|umpire=low,35,4,4,0.11428571428571428,0.11428571428571428,3
qwen,vilp,0.2,perplexity=low|semantic_entropy=low|umpire=not_low,12,1,0,0.08333333333333333,0.0,0
qwen,vilp,0.2,perplexity=low|semantic_entropy=not_low|umpire=low,60,6,7,0.1,0.11666666666666667,4
qwen,vilp,0.2,perplexity=low|semantic_entropy=not_low|umpire=not_low,73,26,18,0.3561643835616438,0.2465753424657534,16
qwen,vilp,0.2,perplexity=not_low|semantic_entropy=low|umpire=low,37,6,5,0.16216216216216217,0.13513513513513514,5
qwen,vilp,0.2,perplexity=not_low|semantic_entropy=low|umpire=not_low,96,17,15,0.17708333333333334,0.15625,8
qwen,vilp,0.2,perplexity=not_low|semantic_entropy=not_low|umpire=low,48,11,6,0.22916666666666666,0.125,4
qwen,vilp,0.2,perplexity=not_low|semantic_entropy=not_low|umpire=not_low,535,222,124,0.41495327102803736,0.23177570093457944,94
qwen,hallusionbench,0.2,perplexity=low|semantic_entropy=low|umpire=low,50,8,9,0.16,0.18,6
qwen,hallusionbench,0.2,perplexity=low|semantic_entropy=low|umpire=not_low,20,2,6,0.1,0.3,2
qwen,hallusionbench,0.2,perplexity=low|semantic_entropy=not_low|umpire=low,38,8,14,0.21052631578947367,0.3684210526315789,8
qwen,hallusionbench,0.2,perplexity=low|semantic_entropy=not_low|umpire=not_low,115,45,61,0.391304347826087,0.5304347826086957,35
qwen,hallusionbench,0.2,perplexity=not_low|semantic_entropy=low|umpire=low,62,21,27,0.3387096774193548,0.43548387096774194,16
qwen,hallusionbench,0.2,perplexity=not_low|semantic_entropy=low|umpire=not_low,91,36,42,0.3956043956043956,0.46153846153846156,30
qwen,hallusionbench,0.2,perplexity=not_low|semantic_entropy=not_low|umpire=low,73,17,19,0.2328767123287671,0.2602739726027397,14
qwen,hallusionbench,0.2,perplexity=not_low|semantic_entropy=not_low|umpire=not_low,664,328,341,0.4939759036144578,0.5135542168674698,256
qwen,mmvet,0.2,perplexity=low|semantic_entropy=low|umpire=low,16,0,5,0.0,0.3125,0
qwen,mmvet,0.2,perplexity=low|semantic_entropy=low|umpire=not_low,6,2,2,0.3333333333333333,0.3333333333333333,2
qwen,mmvet,0.2,perplexity=low|semantic_entropy=not_low|umpire=low,11,4,3,0.36363636363636365,0.2727272727272727,3
qwen,mmvet,0.2,perplexity=low|semantic_entropy=not_low|umpire=not_low,10,4,2,0.4,0.2,1
qwen,mmvet,0.2,perplexity=not_low|semantic_entropy=low|umpire=low,12,2,3,0.16666666666666666,0.25,2
qwen,mmvet,0.2,perplexity=not_low|semantic_entropy=low|umpire=not_low,9,4,2,0.4444444444444444,0.2222222222222222,1
qwen,mmvet,0.2,perplexity=not_low|semantic_entropy=not_low|umpire=low,4,1,2,0.25,0.5,1
qwen,mmvet,0.2,perplexity=not_low|semantic_entropy=not_low|umpire=not_low,145,94,47,0.6482758620689655,0.32413793103448274,39
internvl,vilp,0.2,perplexity=low|semantic_entropy=low|umpire=low,46,5,4,0.10869565217391304,0.08695652173913043,3
internvl,vilp,0.2,perplexity=low|semantic_entropy=low|umpire=not_low,7,0,1,0.0,0.14285714285714285,0
internvl,vilp,0.2,perplexity=low|semantic_entropy=not_low|umpire=low,50,5,9,0.1,0.18,4
internvl,vilp,0.2,perplexity=low|semantic_entropy=not_low|umpire=not_low,77,28,25,0.36363636363636365,0.3246753246753247,21
internvl,vilp,0.2,perplexity=not_low|semantic_entropy=low|umpire=low,35,7,3,0.2,0.08571428571428572,3
internvl,vilp,0.2,perplexity=not_low|semantic_entropy=low|umpire=not_low,92,18,19,0.1956521739130435,0.20652173913043478,14
internvl,vilp,0.2,perplexity=not_low|semantic_entropy=not_low|umpire=low,49,15,11,0.30612244897959184,0.22448979591836735,10
internvl,vilp,0.2,perplexity=not_low|semantic_entropy=not_low|umpire=not_low,542,250,176,0.4612546125461255,0.3247232472324723,138
internvl,hallusionbench,0.2,perplexity=low|semantic_entropy=low|umpire=low,69,7,12,0.10144927536231885,0.17391304347826086,6
internvl,hallusionbench,0.2,perplexity=low|semantic_entropy=low|umpire=not_low,14,5,4,0.35714285714285715,0.2857142857142857,4
internvl,hallusionbench,0.2,perplexity=low|semantic_entropy=not_low|umpire=low,69,5,9,0.07246376811594203,0.13043478260869565,5
internvl,hallusionbench,0.2,perplexity=low|semantic_entropy=not_low|umpire=not_low,73,22,36,0.3013698630136986,0.4931506849315068,16
internvl,hallusionbench,0.2,perplexity=not_low|semantic_entropy=low|umpire=low,28,8,10,0.2857142857142857,0.35714285714285715,5
internvl,hallusionbench,0.2,perplexity=not_low|semantic_entropy=low|umpire=not_low,114,36,44,0.3157894736842105,0.38596491228070173,28
internvl,hallusionbench,0.2,perplexity=not_low|semantic_entropy=not_low|umpire=low,59,12,21,0.2033898305084746,0.3559322033898305,12
internvl,hallusionbench,0.2,perplexity=not_low|semantic_entropy=not_low|umpire=not_low,696,343,362,0.492816091954023,0.5201149425287356,278
internvl,mmvet,0.2,perplexity=low|semantic_entropy=low|umpire=low,25,2,1,0.08,0.04,0
internvl,mmvet,0.2,perplexity=low|semantic_entropy=low|umpire=not_low,2,0,0,0.0,0.0,0
internvl,mmvet,0.2,perplexity=low|semantic_entropy=not_low|umpire=low,4,0,0,0.0,0.0,0
internvl,mmvet,0.2,perplexity=low|semantic_entropy=not_low|umpire=not_low,11,5,4,0.45454545454545453,0.36363636363636365,4
internvl,mmvet,0.2,perplexity=not_low|semantic_entropy=low|umpire=low,4,1,1,0.25,0.25,1
internvl,mmvet,0.2,perplexity=not_low|semantic_entropy=low|umpire=not_low,11,4,3,0.36363636363636365,0.2727272727272727,1
internvl,mmvet,0.2,perplexity=not_low|semantic_entropy=not_low|umpire=low,9,0,0,0.0,0.0,0
internvl,mmvet,0.2,perplexity=not_low|semantic_entropy=not_low|umpire=not_low,140,70,49,0.5,0.35,41
