sample_id,group_id,model,dataset,split,correct,error,hallucination,rating,hallucination_types,answer_length,ppl,se,umpire,u_ppl,u_se,u_umpire,uq_percentile_mean,cluster,cluster_profile,is_low_uq_cluster,is_low_uq_hallucination,is_low_uq_hallucination_severe
vilp-5-case1,vilp-5,llava,vilp,test,0,1,1,1,vision_hallucination|reasoning_hallucination,1,1.0048993826700223,0.5096503736681975,-12.549685057057228,0.42173423423423423,0.42511261261261263,0.21227477477477477,0.35304054054054057,0,consensus_low,1,1,1
vilp-8-case2,vilp-8,llava,vilp,test,0,1,1,0,vision_hallucination|reasoning_hallucination,1,1.0005942547508586,0.5003622343330636,-18.19295393490599,0.13682432432432431,0.39245495495495497,0.04448198198198198,0.19125375375375375,0,consensus_low,1,1,1
vilp-8-case3,vilp-8,llava,vilp,test,0,1,1,1,reasoning_hallucination,1,1.0005444780435588,-0.0,-20.545810003320856,0.12781531531531531,0.12274774774774774,0.010698198198198198,0.08708708708708708,0,consensus_low,1,1,1
vilp-17-case3,vilp-17,llava,vilp,test,0,1,1,1,vision_hallucination,1,1.0006226061978791,0.5212212088140804,-7.016164529997712,0.14808558558558557,0.4363738738738739,0.3778153153153153,0.32075825825825827,0,consensus_low,1,1,1
vilp-22-case3,vilp-22,llava,vilp,test,0,1,1,1,vision_hallucination|reasoning_hallucination,1,1.0001012391045117,0.674916601146789,-13.284907170405248,0.006193693693693694,0.5737612612612613,0.18524774774774774,0.2550675675675676,0,consensus_low,1,1,1
vilp-23-case2,vilp-23,llava,vilp,test,0,1,1,1,vision_hallucination|reasoning_hallucination,1,1.0078233482179595,-0.0,-10.537305693004107,0.4814189189189189,0.12274774774774774,0.27646396396396394,0.29354354354354356,0,consensus_low,1,1,1
vilp-26-case2,vilp-26,llava,vilp,test,0,1,1,1,reasoning_hallucination,1,1.0004173654924686,-0.0,-20.589014064160946,0.08952702702702703,0.12274774774774774,0.009572072072072071,0.07394894894894895,0,consensus_low,1,1,1
vilp-26-case3,vilp-26,llava,vilp,test,0,1,1,1,reasoning_hallucination,1,1.0003304757729925,0.6730167565419143,-16.070079557628134,0.0625,0.5512387387387387,0.10191441441441441,0.23855105105105104,0,consensus_low,1,1,1
vilp-38-case1,vilp-38,llava,vilp,test,0,1,1,1,vision_hallucination,1,1.0000979900345883,0.6734505409360474,-14.365237779569108,0.005067567567567568,0.5591216216216216,0.15934684684684686,0.24117867867867868,0,consensus_low,1,1,1
vilp-39-case3,vilp-39,llava,vilp,test,0,1,1,1,vision_hallucination|reasoning_hallucination,1,1.0107752916878274,-0.0,-16.620504229890557,0.5073198198198198,0.12274774774774774,0.08277027027027027,0.2376126126126126,0,consensus_low,1,1,1
vilp-41-case3,vilp-41,llava,vilp,test,0,1,1,1,vision_hallucination|reasoning_hallucination,1,1.0002368684000258,0.0043900180535827,6.006159054971791,0.04560810810810811,0.24718468468468469,0.6323198198198198,0.30837087087087084,0,consensus_low,1,1,1
vilp-55-case2,vilp-55,llava,vilp,test,0,1,1,1,vision_hallucination|reasoning_hallucination,1,1.0000852269181402,-0.0,-20.128150432504594,0.0016891891891891893,0.12274774774774774,0.014076576576576577,0.04617117117117117,0,consensus_low,1,1,1
vilp-55-case3,vilp-55,llava,vilp,test,0,1,1,1,vision_hallucination|reasoning_hallucination,1,1.000118299523004,-0.0,-19.35093054313158,0.01295045045045045,0.12274774774774774,0.020833333333333332,0.05217717717717718,0,consensus_low,1,1,1
vilp-56-case3,vilp-56,llava,vilp,test,0,1,1,2,reasoning_hallucination,1,1.0001432505026064,0.6729369420989086,-15.5313939572722,0.01632882882882883,0.5456081081081081,0.11542792792792793,0.22578828828828826,0,consensus_low,1,1,1
vilp-80-case2,vilp-80,llava,vilp,test,0,1,1,1,vision_hallucination|reasoning_hallucination,1,1.0004236822723829,-0.0,-17.951449229030633,0.0929054054054054,0.12274774774774774,0.048986486486486486,0.08821321321321322,0,consensus_low,1,1,1
vilp-82-case1,vilp-82,llava,vilp,test,0,1,1,1,vision_hallucination,1,1.0138639212636846,0.4998756497304497,-12.467553534826653,0.5298423423423423,0.3811936936936937,0.21677927927927929,0.3759384384384384,0,consensus_low,1,1,1
vilp-93-case1,vilp-93,llava,vilp,test,0,1,1,1,vision_hallucination|reasoning_hallucination,1,1.003124952384828,0.2178296992151496,-2.3458069475529744,0.3552927927927928,0.26632882882882886,0.4577702702702703,0.35979729729729737,0,consensus_low,1,1,1
vilp-97-case3,vilp-97,llava,vilp,test,0,1,1,1,vision_hallucination|reasoning_hallucination,1,1.000729366648809,-0.0,-17.389884315647635,0.17060810810810811,0.12274774774774774,0.06024774774774775,0.11786786786786789,0,consensus_low,1,1,1
vilp-99-case3,vilp-99,llava,vilp,test,0,1,1,1,vision_hallucination|reasoning_hallucination,1,1.0016003846751214,0.4986211931827523,-14.508288491770772,0.2708333333333333,0.3744369369369369,0.15371621621621623,0.2663288288288288,0,consensus_low,1,1,1
vilp-101-case2,vilp-101,llava,vilp,test,0,1,1,0,vision_hallucination|reasoning_hallucination,1,1.00040213168082,-0.0,-17.900603028183326,0.0838963963963964,0.12274774774774774,0.051238738738738736,0.08596096096096095,0,consensus_low,1,1,1
vilp-107-case3,vilp-107,llava,vilp,test,0,1,1,1,vision_hallucination|reasoning_hallucination,1,1.0019059403437616,-0.0,0.5636691416653665,0.2911036036036036,0.12274774774774774,0.5140765765765766,0.3093093093093093,0,consensus_low,1,1,1
vilp-125-case2,vilp-125,llava,vilp,test,0,1,1,2,vision_hallucination|reasoning_hallucination,1,1.0018583536410732,-0.0,-16.47789582642924,0.2865990990990991,0.12274774774774774,0.08727477477477477,0.16554054054054054,0,consensus_low,1,1,1
vilp-131-case2,vilp-131,llava,vilp,test,0,1,1,1,vision_hallucination|reasoning_hallucination,1,1.001235612731267,-0.0,-18.17832657739397,0.2393018018018018,0.12274774774774774,0.04560810810810811,0.13588588588588588,0,consensus_low,1,1,1
vilp-131-case3,vilp-131,llava,vilp,test,0,1,1,1,vision_hallucination,1,1.0010145893133622,-0.0,-18.708484361933262,0.21340090090090091,0.12274774774774774,0.03322072072072072,0.12312312312312314,0,consensus_low,1,1,1
vilp-133-case2,vilp-133,llava,vilp,test,0,1,1,1,vision_hallucination|reasoning_hallucination,1,1.0045322181269627,-0.0,-13.616674587506722,0.3992117117117117,0.12274774774774774,0.17961711711711711,0.23385885885885885,0,consensus_low,1,1,1
vilp-135-case2,vilp-135,llava,vilp,test,0,1,1,2,vision_hallucination|reasoning_hallucination,1,1.0004252656177643,0.5039884409669809,-13.805932479916477,0.09403153153153153,0.4161036036036036,0.17286036036036037,0.22766516516516513,0,consensus_low,1,1,1
vilp-136-case3,vilp-136,llava,vilp,test,0,1,1,2,reasoning_hallucination,1,1.0005157324465217,-0.0,-16.963337079535602,0.12218468468468469,0.12274774774774774,0.07376126126126126,0.10623123123123124,0,consensus_low,1,1,1
vilp-141-case3,vilp-141,llava,vilp,test,0,1,1,1,vision_hallucination|reasoning_hallucination,1,1.0002090930938097,0.1489736119865306,2.907187510507093,0.03772522522522523,0.26182432432432434,0.5478603603603603,0.28246996996997,0,consensus_low,1,1,1
vilp-147-case3,vilp-147,llava,vilp,test,0,1,1,1,reasoning_hallucination,1,1.0003496258154954,-0.0,-12.121370447158966,0.06813063063063063,0.12274774774774774,0.22804054054054054,0.13963963963963963,0,consensus_low,1,1,1
vilp-150-case3,vilp-150,llava,vilp,test,0,1,1,1,vision_hallucination|reasoning_hallucination,1,1.0001870553454808,-0.0,-8.244941434358424,0.02421171171171171,0.12274774774774774,0.3530405405405405,0.16666666666666666,0,consensus_low,1,1,1
vilp-156-case3,vilp-156,llava,vilp,test,0,1,1,1,vision_hallucination|reasoning_hallucination,1,1.0005532785129292,-0.0,-4.799166714193316,0.13006756756756757,0.12274774774774774,0.4172297297297297,0.22334834834834835,0,consensus_low,1,1,1
vilp-168-case2,vilp-168,llava,vilp,test,0,1,1,1,vision_hallucination,1,1.0018560886567445,-0.0,-12.807724596331068,0.28547297297297297,0.12274774774774774,0.20326576576576577,0.2038288288288288,0,consensus_low,1,1,1
vilp-177-case2,vilp-177,llava,vilp,test,0,1,1,1,vision_hallucination|reasoning_hallucination,1,1.0642910609587732,-0.0,-14.564475237499106,0.6796171171171171,0.12274774774774774,0.14808558558558557,0.31681681681681684,0,consensus_low,1,1,1
vilp-184-case2,vilp-184,llava,vilp,test,0,1,1,1,vision_hallucination,1,1.0028460001520745,-0.0,-7.96655807655034,0.34628378378378377,0.12274774774774774,0.35867117117117114,0.27590090090090086,0,consensus_low,1,1,1
vilp-185-case3,vilp-185,llava,vilp,test,0,1,1,1,vision_hallucination|reasoning_hallucination,1,1.0012848372680545,0.4853746480278338,-4.454290689559303,0.24380630630630631,0.34628378378378377,0.42623873873873874,0.33877627627627627,0,consensus_low,1,1,1
vilp-195-case2,vilp-195,llava,vilp,test,0,1,1,1,vision_hallucination|reasoning_hallucination,1,1.0068244902571588,0.5016573087699584,-16.015642580784707,0.46565315315315314,0.40822072072072074,0.10416666666666667,0.3260135135135135,0,consensus_low,1,1,1
vilp-197-case2,vilp-197,llava,vilp,test,0,1,1,1,vision_hallucination|reasoning_hallucination,1,1.0321331683557071,0.5002163666370065,-14.341085747376097,0.6131756756756757,0.38907657657657657,0.16047297297297297,0.3875750750750751,0,consensus_low,1,1,1
vilp-202-case2,vilp-202,llava,vilp,test,0,1,1,1,reasoning_hallucination,1,1.0010601281634903,-0.0,-9.492435003408238,0.21565315315315314,0.12274774774774774,0.3125,0.21696696696696696,0,consensus_low,1,1,1
vilp-206-case3,vilp-206,llava,vilp,test,0,1,1,1,vision_hallucination|reasoning_hallucination,1,1.0004356125357536,-0.0,-16.4727878344368,0.09966216216216216,0.12274774774774774,0.0884009009009009,0.1036036036036036,0,consensus_low,1,1,1
vilp-214-case2,vilp-214,llava,vilp,test,0,1,1,1,vision_hallucination|reasoning_hallucination,1,1.001466751097508,0.4999837858577344,-15.920474794581986,0.25731981981981983,0.38569819819819817,0.10867117117117117,0.2505630630630631,0,consensus_low,1,1,1
vilp-221-case1,vilp-221,llava,vilp,test,0,1,1,2,vision_hallucination|reasoning_hallucination,1,1.00030386447785,0.6730120536152833,-11.92731785953974,0.05799549549549549,0.5501126126126126,0.23367117117117117,0.2805930930930931,0,consensus_low,1,1,1
vilp-228-case3,vilp-228,llava,vilp,test,0,1,1,1,vision_hallucination|reasoning_hallucination,1,1.0003209987324408,-0.0,-16.44355964975921,0.06024774774774775,0.12274774774774774,0.09065315315315316,0.09121621621621621,0,consensus_low,1,1,1
vilp-229-case3,vilp-229,llava,vilp,test,0,1,1,0,vision_hallucination|reasoning_hallucination,1,1.000469342993313,-0.0,-15.49593730245247,0.10867117117117117,0.12274774774774774,0.11768018018018019,0.11636636636636637,0,consensus_low,1,1,1
vilp-230-case2,vilp-230,llava,vilp,test,0,1,1,1,vision_hallucination|reasoning_hallucination,1,1.002579822391222,-0.0,-16.204138667550104,0.330518018018018,0.12274774774774774,0.09628378378378379,0.18318318318318316,0,consensus_low,1,1,1
vilp-230-case3,vilp-230,llava,vilp,test,0,1,1,1,reasoning_hallucination,1,1.0010999877106526,0.3563939877406851,1.8658963990446225,0.22240990990990991,0.28885135135135137,0.5332207207207207,0.34816066066066065,0,consensus_low,1,1,1
vilp-231-case2,vilp-231,llava,vilp,test,0,1,1,0,vision_hallucination|reasoning_hallucination,1,1.0006201223761375,-0.0,-0.4776974847254003,0.14583333333333334,0.12274774774774774,0.4938063063063063,0.25412912912912916,0,consensus_low,1,1,1
vilp-231-case3,vilp-231,llava,vilp,test,0,1,1,1,vision_hallucination|reasoning_hallucination,1,1.00019471071708,-0.0,-18.22945702178129,0.029842342342342343,0.12274774774774774,0.04222972972972973,0.06493993993993995,0,consensus_low,1,1,1
vilp-239-case3,vilp-239,llava,vilp,test,0,1,1,0,vision_hallucination|reasoning_hallucination,1,1.017022812597065,0.4965662375934193,-12.281679003041596,0.5467342342342343,0.36655405405405406,0.2179054054054054,0.37706456456456455,0,consensus_low,1,1,1
vilp-240-case3,vilp-240,llava,vilp,test,0,1,1,1,vision_hallucination|reasoning_hallucination,1,1.0003139951766655,-0.0,-17.654621616515147,0.05912162162162162,0.12274774774774774,0.054617117117117114,0.07882882882882883,0,consensus_low,1,1,1
vilp-243-case2,vilp-243,llava,vilp,test,0,1,1,1,vision_hallucination|reasoning_hallucination,1,1.000449666220436,0.5000807012047996,-14.042138463267628,0.10304054054054054,0.38682432432432434,0.16835585585585586,0.21940690690690692,0,consensus_low,1,1,1
vilp-245-case3,vilp-245,llava,vilp,test,0,1,1,1,vision_hallucination|reasoning_hallucination,1,1.0025029682305215,-0.0,-6.318196232228079,0.32488738738738737,0.12274774774774774,0.38907657657657657,0.2789039039039039,0,consensus_low,1,1,1
vilp-245-case2,vilp-245,llava,vilp,test,0,1,1,1,vision_hallucination,1,1.00169658616518,0.4958819223877043,-10.212508470257678,0.2775900900900901,0.36204954954954954,0.2877252252252252,0.30912162162162166,0,consensus_low,1,1,1
vilp-246-case3,vilp-246,llava,vilp,test,0,1,1,1,vision_hallucination|reasoning_hallucination,1,1.0006286336580603,0.4932590453462722,0.123288981928443,0.14921171171171171,0.35754504504504503,0.5084459459459459,0.33840090090090086,0,consensus_low,1,1,1
vilp-247-case3,vilp-247,llava,vilp,test,0,1,1,1,vision_hallucination|reasoning_hallucination,1,1.000173517541333,0.4968582994264788,-11.170425491458222,0.02195945945945946,0.36768018018018017,0.2561936936936937,0.2152777777777778,0,consensus_low,1,1,1
vilp-253-case3,vilp-253,llava,vilp,test,0,1,1,1,vision_hallucination|reasoning_hallucination,1,1.0000880936460128,-0.0,0.8487467452974897,0.002815315315315315,0.12274774774774774,0.5163288288288288,0.21396396396396397,0,consensus_low,1,1,1
vilp-256-case3,vilp-256,llava,vilp,test,0,1,1,1,vision_hallucination|reasoning_hallucination,1,1.0006198759919755,0.4906999062948823,-13.064401709311593,0.1447072072072072,0.3541666666666667,0.19425675675675674,0.23104354354354353,0,consensus_low,1,1,1
vilp-267-case3,vilp-267,llava,vilp,test,0,1,1,1,vision_hallucination|reasoning_hallucination,1,1.0435455212395246,-0.0,-17.541086695225786,0.6447072072072072,0.12274774774774774,0.05799549549549549,0.27515015015015015,0,consensus_low,1,1,1
vilp-267-case2,vilp-267,llava,vilp,test,0,1,1,1,vision_hallucination|reasoning_hallucination,1,1.0011068918234618,0.306927419895973,-5.151804280141068,0.22466216216216217,0.27533783783783783,0.4115990990990991,0.3038663663663664,0,consensus_low,1,1,1
vilp-280-case3,vilp-280,llava,vilp,test,0,1,1,0,vision_hallucination|reasoning_hallucination,1,1.0003744277168114,0.436108128839331,-1.408368202957142,0.07826576576576577,0.31813063063063063,0.47353603603603606,0.2899774774774775,0,consensus_low,1,1,1
vilp-283-case3,vilp-283,llava,vilp,test,0,1,1,1,reasoning_hallucination,1,1.0038331077627605,-0.0,-14.531351618065056,0.3755630630630631,0.12274774774774774,0.15146396396396397,0.2165915915915916,0,consensus_low,1,1,1
vilp-289-case3,vilp-289,llava,vilp,test,0,1,1,1,vision_hallucination|reasoning_hallucination,1,1.001260757464707,0.2239140855828159,1.736193901650621,0.24268018018018017,0.2685810810810811,0.5309684684684685,0.34740990990990994,0,consensus_low,1,1,1
hallusionbench-image-VS-chart-0-1-3,hallusionbench-image-VS-chart-0,llava,hallusionbench,image,0,1,1,1,vision_hallucination|reasoning_hallucination,1,1.0009384155139958,-0.0,-19.91621653024305,0.40441839495040577,0.16501352569882777,0.016681695220919748,0.19537120529005111,0,consensus_low,1,1,1
hallusionbench-image-VS-chart-8-1-2,hallusionbench-image-VS-chart-8,llava,hallusionbench,image,0,1,1,1,vision_hallucination|reasoning_hallucination,1,1.0009500980440251,0.5012755297176892,-15.147189135404192,0.40892696122633004,0.5396753832281335,0.130297565374211,0.35963330327622484,0,consensus_low,1,1,1
hallusionbench-image-VS-chart-21-1-1,hallusionbench-image-VS-chart-21,llava,hallusionbench,image,0,1,1,1,vision_hallucination|reasoning_hallucination,1,1.000856161113612,0.4982227382703857,-13.370489488486983,0.39179440937781784,0.47024346257889993,0.20784490532010821,0.35662759242560865,0,consensus_low,1,1,1
hallusionbench-image-VS-map-3-2-1,hallusionbench-image-VS-map-3,llava,hallusionbench,image,0,1,1,1,vision_hallucination|reasoning_hallucination,1,1.000213027001021,0.5001298983944956,-15.440029066009462,0.17989179440937783,0.4873760144274121,0.11857529305680793,0.26194770063119927,0,consensus_low,1,1,1
hallusionbench-image-VS-map-4-2-0,hallusionbench-image-VS-map-4,llava,hallusionbench,image,0,1,1,1,vision_hallucination|reasoning_hallucination,1,1.0004202127383957,-0.0,-12.067481910609771,0.28268710550045084,0.16501352569882777,0.26825969341749323,0.23865344153892395,0,consensus_low,1,1,1
hallusionbench-image-VS-map-4-2-2,hallusionbench-image-VS-map-4,llava,hallusionbench,image,0,1,1,1,vision_hallucination|reasoning_hallucination,1,1.0000530481329548,-0.0,-15.738820649318294,0.014878268710550046,0.16501352569882777,0.10144274120829576,0.09377817853922453,0,consensus_low,1,1,1
hallusionbench-image-VS-map-4-2-3,hallusionbench-image-VS-map-4,llava,hallusionbench,image,0,1,1,1,vision_hallucination|reasoning_hallucination,1,1.0000797510150592,-0.0,-15.53654748913223,0.045536519386834985,0.16501352569882777,0.11406672678088368,0.10820559062218214,0,consensus_low,1,1,1
hallusionbench-image-VS-map-6-1-1,hallusionbench-image-VS-map-6,llava,hallusionbench,image,0,1,1,1,vision_hallucination|reasoning_hallucination,1,1.000348091130079,-0.0,-20.38616233358618,0.2520288548241659,0.16501352569882777,0.014878268710550046,0.14397354974451457,0,consensus_low,1,1,1
hallusionbench-image-VS-map-6-2-0,hallusionbench-image-VS-map-6,llava,hallusionbench,image,0,1,1,1,reasoning_hallucination,1,1.0001266002605342,0.5003281035374749,-12.710696028206453,0.10414788097385032,0.49368800721370604,0.23128944995491435,0.27637511271415693,0,consensus_low,1,1,1
hallusionbench-image-VS-map-7-2-0,hallusionbench-image-VS-map-7,llava,hallusionbench,image,0,1,1,1,vision_hallucination|reasoning_hallucination,1,1.000087499619245,-0.0,-5.743717474096531,0.058160504959422904,0.16501352569882777,0.43237150586113615,0.21851517883979563,0,consensus_low,1,1,1
hallusionbench-image-VS-map-9-1-1,hallusionbench-image-VS-map-9,llava,hallusionbench,image,0,1,1,1,vision_hallucination|reasoning_hallucination,1,1.0006090402586638,-0.0,-19.4958371340702,0.33769161406672676,0.16501352569882777,0.02479711451758341,0.17583408476104598,0,consensus_low,1,1,1
hallusionbench-image-VS-map-9-2-0,hallusionbench-image-VS-map-9,llava,hallusionbench,image,0,1,1,1,reasoning_hallucination,1,1.000082850453895,0.500505584095084,-12.330659844090231,0.05229936880072137,0.5162308385933273,0.2511271415689811,0.2732191163210099,0,consensus_low,1,1,1
hallusionbench-image-VS-ocr-7-2-0,hallusionbench-image-VS-ocr-7,llava,hallusionbench,image,0,1,1,1,vision_hallucination|reasoning_hallucination,1,1.0001322031090236,-0.0,-13.912599025210907,0.10955816050495942,0.16501352569882777,0.18620378719567177,0.1535918244664863,0,consensus_low,1,1,1
hallusionbench-image-VS-ocr-8-2-1,hallusionbench-image-VS-ocr-8,llava,hallusionbench,image,0,1,1,2,reasoning_hallucination,1,1.0002131462066024,0.5004229194438152,-11.507585800136734,0.1812443642921551,0.5045085662759242,0.2962128043282236,0.32732191163210095,0,consensus_low,1,1,1
hallusionbench-image-VS-ocr-8-2-0,hallusionbench-image-VS-ocr-8,llava,hallusionbench,image,0,1,1,1,vision_hallucination|reasoning_hallucination,1,1.0000892877565632,0.5002989189568635,-13.424822301799152,0.06447249774571687,0.4909828674481515,0.2060414788097385,0.25383228133453567,0,consensus_low,1,1,1
hallusionbench-image-VS-ocr-9-2-0,hallusionbench-image-VS-ocr-9,llava,hallusionbench,image,0,1,1,1,vision_hallucination|reasoning_hallucination,1,1.0001509189535414,-0.0,-17.70103904315421,0.12759242560865644,0.16501352569882777,0.0545536519386835,0.11571986774872257,0,consensus_low,1,1,1
hallusionbench-image-VS-ocr-10-2-0,hallusionbench-image-VS-ocr-10,llava,hallusionbench,image,0,1,1,2,vision_hallucination|reasoning_hallucination,1,1.0001491308224604,-0.0,-9.25710692683588,0.12578899909828675,0.16501352569882777,0.3746618575293057,0.2218214607754734,0,consensus_low,1,1,1
hallusionbench-image-VS-ocr-11-2-0,hallusionbench-image-VS-ocr-11,llava,hallusionbench,image,0,1,1,1,reasoning_hallucination,1,1.0002131462066024,-0.0,-11.208588411757107,0.1812443642921551,0.16501352569882777,0.30703336339044185,0.21776375112714155,0,consensus_low,1,1,1
hallusionbench-image-VS-ocr-11-2-1,hallusionbench-image-VS-ocr-11,llava,hallusionbench,image,0,1,1,1,vision_hallucination|reasoning_hallucination,1,1.0002733469131864,-0.0,-14.273248885862476,0.22227231740306583,0.16501352569882777,0.1672678088367899,0.18485121731289453,0,consensus_low,1,1,1
hallusionbench-image-VS-ocr-12-2-0,hallusionbench-image-VS-ocr-12,llava,hallusionbench,image,0,1,1,1,vision_hallucination|reasoning_hallucination,1,1.0001404285360562,-0.0,-9.031174999278832,0.11587015329125339,0.16501352569882777,0.38007213706041476,0.22031860535016531,0,consensus_low,1,1,1
hallusionbench-image-VD-illusion-0-0-0,hallusionbench-image-VD-illusion-0,llava,hallusionbench,image,0,1,1,1,vision_hallucination|reasoning_hallucination,1,1.0004637241427188,-0.0,-18.04098324848792,0.2962128043282236,0.16501352569882777,0.04102795311091073,0.16741809437932073,0,consensus_low,1,1,1
hallusionbench-image-VD-illusion-3-0-0,hallusionbench-image-VD-illusion-3,llava,hallusionbench,image,0,1,1,1,vision_hallucination|reasoning_hallucination,1,1.0011240244297817,-0.0,-15.319696615420378,0.43417493237150584,0.16501352569882777,0.12128043282236249,0.24015629696423202,0,consensus_low,1,1,1
hallusionbench-image-VD-illusion-9-1-1,hallusionbench-image-VD-illusion-9,llava,hallusionbench,image,0,1,1,1,reasoning_hallucination,1,1.000182867048161,-0.0,-17.9969132855114,0.1528403967538323,0.16501352569882777,0.04283137962128043,0.12022843402464684,0,consensus_low,1,1,1
hallusionbench-image-VD-illusion-17-0-0,hallusionbench-image-VD-illusion-17,llava,hallusionbench,image,0,1,1,1,vision_hallucination|reasoning_hallucination,1,1.001821398763918,-0.0,-12.233579921219462,0.5,0.16501352569882777,0.25924256086564473,0.30808536218815746,0,consensus_low,1,1,1
hallusionbench-image-VD-math-10-0-2,hallusionbench-image-VD-math-10,llava,hallusionbench,image,0,1,1,2,reasoning_hallucination,1,1.0006213187973532,-0.0,-20.97805319295488,0.3385933273219116,0.16501352569882777,0.01127141568981064,0.17162608957018333,0,consensus_low,1,1,1
hallusionbench-image-VD-math-12-0-1,hallusionbench-image-VD-math-12,llava,hallusionbench,image,0,1,1,1,reasoning_hallucination,1,1.000910758964713,-0.0,-19.595659003537907,0.3999098286744815,0.16501352569882777,0.022091974752028856,0.19567177637511268,0,consensus_low,1,1,1
hallusionbench-image-VD-math-12-0-2,hallusionbench-image-VD-math-12,llava,hallusionbench,image,0,1,1,1,vision_hallucination|reasoning_hallucination,1,1.0004863738939482,-0.0,-18.77285732316337,0.30432822362488726,0.16501352569882777,0.030207394048692517,0.16651638112413583,0,consensus_low,1,1,1
hallusionbench-image-VD-math-13-0-1,hallusionbench-image-VD-math-13,llava,hallusionbench,image,0,1,1,1,vision_hallucination|reasoning_hallucination,1,1.000608086586407,0.5008783040941875,-15.886552315419104,0.3367899008115419,0.5297565374211001,0.09873760144274121,0.32176134655846106,0,consensus_low,1,1,1
hallusionbench-image-VD-math-13-0-2,hallusionbench-image-VD-math-13,llava,hallusionbench,image,0,1,1,1,vision_hallucination|reasoning_hallucination,1,1.0013056993380542,0.5016003556563724,-15.678551543973716,0.4549143372407574,0.548692515779982,0.10414788097385032,0.3692515779981966,0,consensus_low,1,1,1
hallusionbench-image-VD-math-13-1-2,hallusionbench-image-VD-math-13,llava,hallusionbench,image,0,1,1,1,reasoning_hallucination,1,1.000848889322857,-0.0,-13.968611674218836,0.390892696122633,0.16501352569882777,0.18259693417493236,0.24616771866546439,0,consensus_low,1,1,1
hallusionbench-image-VD-ocr-0-1-0,hallusionbench-image-VD-ocr-0,llava,hallusionbench,image,0,1,1,1,reasoning_hallucination,1,1.0003421306465516,-0.0,-12.322709996841748,0.24932371505861137,0.16501352569882777,0.2538322813345356,0.22272317403065825,0,consensus_low,1,1,1
hallusionbench-image-VD-ocr-1-0-0,hallusionbench-image-VD-ocr-1,llava,hallusionbench,image,0,1,1,1,reasoning_hallucination,1,1.0004286766091033,-0.0,-9.45740402394038,0.2889990982867448,0.16501352569882777,0.37105500450856627,0.2750225428313796,0,consensus_low,1,1,1
hallusionbench-image-VD-ocr-1-1-0,hallusionbench-image-VD-ocr-1,llava,hallusionbench,image,0,1,1,1,reasoning_hallucination,1,1.0000872612016625,-0.0,-15.656560525454472,0.05725879170423805,0.16501352569882777,0.10595130748422002,0.10940787496242861,0,consensus_low,1,1,1
hallusionbench-image-VD-ocr-2-1-0,hallusionbench-image-VD-ocr-2,llava,hallusionbench,image,0,1,1,1,vision_hallucination|reasoning_hallucination,1,1.0000717639915326,0.5003671814515251,-12.146661188646227,0.03651938683498648,0.4981965734896303,0.26465284039675385,0.26645626690712354,0,consensus_low,1,1,1
hallusionbench-image-VD-ocr-3-1-2,hallusionbench-image-VD-ocr-3,llava,hallusionbench,image,0,1,1,1,vision_hallucination|reasoning_hallucination,1,1.0001114606833426,0.4992663034958547,-13.98929381735902,0.08385933273219116,0.475653742110009,0.18079350766456267,0.2467688608355876,0,consensus_low,1,1,1
hallusionbench-image-VD-ocr-4-1-0,hallusionbench-image-VD-ocr-4,llava,hallusionbench,image,0,1,1,1,vision_hallucination|reasoning_hallucination,1,1.000082612037421,0.500340815455852,-13.546461197298948,0.0509467989179441,0.4945897204688909,0.1988277727682597,0.2481214307183649,0,consensus_low,1,1,1
hallusionbench-image-VD-ocr-6-1-0,hallusionbench-image-VD-ocr-6,llava,hallusionbench,image,0,1,1,1,vision_hallucination|reasoning_hallucination,1,1.0000840425516713,-0.0,-14.914638910918416,0.05545536519386835,0.16501352569882777,0.14382326420198377,0.12143071836489329,0,consensus_low,1,1,1
hallusionbench-image-VD-ocr-7-1-0,hallusionbench-image-VD-ocr-7,llava,hallusionbench,image,0,1,1,1,vision_hallucination|reasoning_hallucination,1,1.0000716447809717,-0.0,-16.312450610088245,0.035617673579801626,0.16501352569882777,0.08340847610459874,0.09467989179440937,0,consensus_low,1,1,1
hallusionbench-image-VD-ocr-9-1-0,hallusionbench-image-VD-ocr-9,llava,hallusionbench,image,0,1,1,1,vision_hallucination|reasoning_hallucination,1,1.000104904176239,0.5003652189617736,-12.923965603374349,0.07664562669071236,0.49729486023444547,0.22227231740306583,0.2654042681094079,0,consensus_low,1,1,1
hallusionbench-image-VD-ocr-10-1-0,hallusionbench-image-VD-ocr-10,llava,hallusionbench,image,0,1,1,1,vision_hallucination,1,1.0001145601258543,-0.0,-17.31128817069685,0.08972046889089269,0.16501352569882777,0.06266907123534717,0.10580102194168921,0,consensus_low,1,1,1
hallusionbench-image-VD-ocr-11-1-0,hallusionbench-image-VD-ocr-11,llava,hallusionbench,image,0,1,1,1,reasoning_hallucination,1,1.0001242160813757,-0.0,-15.82169126656977,0.10054102795311091,0.16501352569882777,0.09963931469792606,0.12173128944995493,0,consensus_low,1,1,1
hallusionbench-image-VD-ocr-13-1-0,hallusionbench-image-VD-ocr-13,llava,hallusionbench,image,0,1,1,1,vision_hallucination|reasoning_hallucination,1,1.0000710487356568,-0.0,-17.920156212582004,0.032912533814247066,0.16501352569882777,0.045536519386834985,0.0811541929666366,0,consensus_low,1,1,1
hallusionbench-image-VD-ocr-14-1-0,hallusionbench-image-VD-ocr-14,llava,hallusionbench,image,0,1,1,1,vision_hallucination|reasoning_hallucination,1,1.0000990629220283,-0.0,-15.134307387054228,0.07258791704238052,0.16501352569882777,0.13300270513976556,0.12353471596032461,0,consensus_low,1,1,1
hallusionbench-image-VD-ocr-18-0-1,hallusionbench-image-VD-ocr-18,llava,hallusionbench,image,0,1,1,2,vision_hallucination|reasoning_hallucination,1,1.0001115798986495,-0.0,-19.801246291886443,0.08521190261496844,0.16501352569882777,0.0193868349864743,0.08987075443342352,0,consensus_low,1,1,1
hallusionbench-image-VD-ocr-18-1-0,hallusionbench-image-VD-ocr-18,llava,hallusionbench,image,0,1,1,1,vision_hallucination|reasoning_hallucination,1,1.000052809716309,-0.0,-16.41164185734633,0.013976555455365193,0.16501352569882777,0.08070333633904418,0.08656447249774572,0,consensus_low,1,1,1
hallusionbench-image-VD-ocr-19-1-0,hallusionbench-image-VD-ocr-19,llava,hallusionbench,image,0,1,1,1,vision_hallucination|reasoning_hallucination,1,1.0000571012500947,-0.0,-16.840174152815482,0.0175834084761046,0.16501352569882777,0.07258791704238052,0.08506161707243763,0,consensus_low,1,1,1
hallusionbench-image-VD-ocr-20-1-0,hallusionbench-image-VD-ocr-20,llava,hallusionbench,image,0,1,1,1,reasoning_hallucination,1,1.00006961822544,0.5004715828849844,-12.389460344126054,0.032010820559062216,0.5144274120829576,0.24932371505861137,0.2652539825668771,0,consensus_low,1,1,1
hallusionbench-image-VD-figure-0-1-0,hallusionbench-image-VD-figure-0,llava,hallusionbench,image,0,1,1,1,vision_hallucination|reasoning_hallucination,1,1.0001425743158177,-0.0,-16.943644115517948,0.11677186654643823,0.16501352569882777,0.06988277727682597,0.11722272317403065,0,consensus_low,1,1,1
hallusionbench-image-VD-figure-3-0-1,hallusionbench-image-VD-figure-3,llava,hallusionbench,image,0,1,1,1,reasoning_hallucination,1,1.0001037120827028,0.5006864444042054,-13.546441407904023,0.07439134355275022,0.5216411181244365,0.19972948602344454,0.2652539825668771,0,consensus_low,1,1,1
hallusionbench-image-VD-figure-4-0-1,hallusionbench-image-VD-figure-4,llava,hallusionbench,image,0,1,1,1,reasoning_hallucination,1,1.0001033544541913,-0.0,-19.512431449748416,0.07348963029756538,0.16501352569882777,0.022993688007213707,0.08716561466786894,0,consensus_low,1,1,1
hallusionbench-image-VD-figure-6-1-0,hallusionbench-image-VD-figure-6,llava,hallusionbench,image,0,1,1,1,vision_hallucination|reasoning_hallucination,1,1.0000712871566508,-0.0,-16.131330588272046,0.034715960324616775,0.16501352569882777,0.09332732191163211,0.09768560264502556,0,consensus_low,1,1,1
hallusionbench-image-VD-figure-6-0-1,hallusionbench-image-VD-figure-6,llava,hallusionbench,image,0,1,1,1,vision_hallucination|reasoning_hallucination,1,1.000450253480778,-0.0,-9.866228020497564,0.2935076645626691,0.16501352569882777,0.3557258791704238,0.2714156898106402,0,consensus_low,1,1,1
hallusionbench-image-VD-figure-6-1-1,hallusionbench-image-VD-figure-6,llava,hallusionbench,image,0,1,1,1,vision_hallucination|reasoning_hallucination,1,1.000058531760598,-0.0,-17.884915194423186,0.022993688007213707,0.16501352569882777,0.05004508566275924,0.07935076645626692,0,consensus_low,1,1,1
hallusionbench-image-VD-figure-7-1-0,hallusionbench-image-VD-figure-7,llava,hallusionbench,image,0,1,1,1,reasoning_hallucination,1,1.0000504255311498,-0.0,-18.20207378875802,0.012173128944995492,0.16501352569882777,0.03832281334535618,0.07183648932972649,0,consensus_low,1,1,1
hallusionbench-image-VD-figure-13-0-1,hallusionbench-image-VD-figure-13,llava,hallusionbench,image,0,1,1,1,vision_hallucination|reasoning_hallucination,1,1.0002933740718811,-0.0,-19.49909537176694,0.23128944995491435,0.16501352569882777,0.023895401262398558,0.14006612563871357,0,consensus_low,1,1,1
hallusionbench-image-VD-figure-14-1-0,hallusionbench-image-VD-figure-14,llava,hallusionbench,image,0,1,1,1,vision_hallucination,1,1.0029572248892424,-0.0,-15.66952933981956,0.5459873760144274,0.16501352569882777,0.10504959422903516,0.27201683198076343,0,consensus_low,1,1,1
hallusionbench-image-VD-figure-16-0-0,hallusionbench-image-VD-figure-16,llava,hallusionbench,image,0,1,1,1,vision_hallucination|reasoning_hallucination,1,1.0002390146195832,-0.0,-8.24891219799355,0.19702434625789,0.16501352569882777,0.39449954914337243,0.2521791403666967,0,consensus_low,1,1,1
hallusionbench-image-VD-video-1-1-2,hallusionbench-image-VD-video-1,llava,hallusionbench,image,0,1,1,1,vision_hallucination|reasoning_hallucination,1,1.0001610517518678,-0.0,-15.605959605675698,0.13615870153291254,0.16501352569882777,0.10955816050495942,0.1369101292455666,0,consensus_low,1,1,1
hallusionbench-image-VD-video-1-2-0,hallusionbench-image-VD-video-1,llava,hallusionbench,image,0,1,1,1,vision_hallucination|reasoning_hallucination,1,1.000125527387214,-0.0,-10.14043246401266,0.10279531109107304,0.16501352569882777,0.34039675383228135,0.20273519687406072,0,consensus_low,1,1,1
hallusionbench-image-VD-video-2-1-0,hallusionbench-image-VD-video-2,llava,hallusionbench,image,0,1,1,1,reasoning_hallucination,1,1.000322461128209,-0.0,-15.574817586447171,0.24030658250676284,0.16501352569882777,0.11136158701532912,0.1722272317403066,0,consensus_low,1,1,1
hallusionbench-image-VD-video-2-1-1,hallusionbench-image-VD-video-2,llava,hallusionbench,image,0,1,1,1,vision_hallucination|reasoning_hallucination,1,1.000270962718986,-0.0,-16.437137808987686,0.21956717763751127,0.16501352569882777,0.07980162308385934,0.1547941088067328,0,consensus_low,1,1,1
hallusionbench-image-VD-video-3-1-2,hallusionbench-image-VD-video-3,llava,hallusionbench,image,0,1,1,2,vision_hallucination|reasoning_hallucination,1,1.000209212298922,-0.0,-15.079127408908295,0.1740306582506763,0.16501352569882777,0.13570784490532012,0.1582506762849414,0,consensus_low,1,1,1
hallusionbench-image-VD-video-3-2-0,hallusionbench-image-VD-video-3,llava,hallusionbench,image,0,1,1,1,reasoning_hallucination,1,1.0041401386711235,-0.0,-16.621302025919707,0.5861136158701533,0.16501352569882777,0.07439134355275022,0.27517282837391044,0,consensus_low,1,1,1
hallusionbench-image-VD-video-3-2-2,hallusionbench-image-VD-video-3,llava,hallusionbench,image,0,1,1,2,vision_hallucination|reasoning_hallucination,1,1.000209212298922,-0.0,-10.329709270495869,0.1740306582506763,0.16501352569882777,0.3367899008115419,0.225278028253682,0,consensus_low,1,1,1
hallusionbench-image-VD-video-5-0-1,hallusionbench-image-VD-video-5,llava,hallusionbench,image,0,1,1,1,vision_hallucination|reasoning_hallucination,1,1.0008420944157257,-0.0,-22.15792200491692,0.3890892696122633,0.16501352569882777,0.0040577096483318306,0.18605350165314097,0,consensus_low,1,1,1
hallusionbench-image-VD-video-5-1-0,hallusionbench-image-VD-video-5,llava,hallusionbench,image,0,1,1,1,vision_hallucination|reasoning_hallucination,1,1.00014615058684,-0.0,-14.559767492489824,0.12037871956717763,0.16501352569882777,0.16095581605049594,0.14878268710550044,0,consensus_low,1,1,1
hallusionbench-image-VD-video-6-1-0,hallusionbench-image-VD-video-6,llava,hallusionbench,image,0,1,1,1,vision_hallucination|reasoning_hallucination,1,1.0004631280821032,0.500372540643729,-12.45199331371859,0.29531109107303877,0.5,0.24752028854824165,0.34761045987376016,0,consensus_low,1,1,1
hallusionbench-image-VD-video-12-2-1,hallusionbench-image-VD-video-12,llava,hallusionbench,image,0,1,1,1,vision_hallucination|reasoning_hallucination,1,1.000840425479827,-0.0,-18.64280261723136,0.38773669972948605,0.16501352569882777,0.03381424706943192,0.19552149083258194,0,consensus_low,1,1,1
hallusionbench-image-VD-video-14-2-3,hallusionbench-image-VD-video-14,llava,hallusionbench,image,0,1,1,1,reasoning_hallucination,1,1.0002155303939897,-0.0,-15.463202476616964,0.18440036068530208,0.16501352569882777,0.11677186654643823,0.15539525097685603,0,consensus_low,1,1,1
hallusionbench-image-VD-video-18-0-0,hallusionbench-image-VD-video-18,llava,hallusionbench,image,0,1,1,1,vision_hallucination|reasoning_hallucination,1,1.0001475811046512,0.5000603102984856,-14.869694228994865,0.12308385933273219,0.48647430117222723,0.14652840396753833,0.25202885482416587,0,consensus_low,1,1,1
hallusionbench-image-VD-video-18-1-0,hallusionbench-image-VD-video-18,llava,hallusionbench,image,0,1,1,1,vision_hallucination|reasoning_hallucination,1,1.0002114772860904,-0.0,-14.103933871149218,0.17538322813345356,0.16501352569882777,0.172678088367899,0.1710249474000601,0,consensus_low,1,1,1
hallusionbench-non_image-VS-chart-0-0-0,hallusionbench-non_image-VS-chart-0,llava,hallusionbench,non_image,0,1,1,1,reasoning_hallucination,1,1.000398635874075,-0.0,7.470255253404098,0.27547339945897203,0.16501352569882777,0.548692515779982,0.32972648031259394,0,consensus_low,1,1,1
hallusionbench-non_image-VS-chart-0-0-2,hallusionbench-non_image-VS-chart-0,llava,hallusionbench,non_image,0,1,1,1,reasoning_hallucination,1,1.0007004737737732,-0.0,-14.798012759493552,0.3593327321911632,0.16501352569882777,0.15013525698827773,0.22482717162608953,0,consensus_low,1,1,1
hallusionbench-non_image-VS-chart-0-0-3,hallusionbench-non_image-VS-chart-0,llava,hallusionbench,non_image,0,1,1,1,reasoning_hallucination,1,1.0006215572476072,-0.0,-15.228644511749224,0.34039675383228135,0.16501352569882777,0.12759242560865644,0.21100090171325517,0,consensus_low,1,1,1
hallusionbench-non_image-VS-chart-1-0-3,hallusionbench-non_image-VS-chart-1,llava,hallusionbench,non_image,0,1,1,1,vision_hallucination|reasoning_hallucination,1,1.00049567221268,-0.0,-13.424899007394613,0.3079350766456267,0.16501352569882777,0.20513976555455365,0.22602945596633606,0,consensus_low,1,1,1
hallusionbench-non_image-VS-chart-4-0-2,hallusionbench-non_image-VS-chart-4,llava,hallusionbench,non_image,0,1,1,1,vision_hallucination|reasoning_hallucination,1,1.0003350973042004,-0.0,0.0423738182349158,0.24571686203787196,0.16501352569882777,0.4981965734896303,0.30297565374211,0,consensus_low,1,1,1
hallusionbench-non_image-VS-chart-5-0-1,hallusionbench-non_image-VS-chart-5,llava,hallusionbench,non_image,0,1,1,1,reasoning_hallucination,1,1.000074982645666,-0.0,-12.551732733452573,0.03967538322813345,0.16501352569882777,0.24030658250676284,0.14833183047790802,0,consensus_low,1,1,1
hallusionbench-non_image-VS-chart-10-0-1,hallusionbench-non_image-VS-chart-10,llava,hallusionbench,non_image,0,1,1,1,reasoning_hallucination,1,1.0009547472062896,-0.0,-10.004906904939254,0.4098286744815149,0.16501352569882777,0.34761045987376016,0.30748422001803427,0,consensus_low,1,1,1
hallusionbench-non_image-VS-chart-10-0-2,hallusionbench-non_image-VS-chart-10,llava,hallusionbench,non_image,0,1,1,1,reasoning_hallucination,1,1.000197052955756,-0.0,-14.651445809919942,0.16095581605049594,0.16501352569882777,0.15734896302975654,0.16110610159302674,0,consensus_low,1,1,1
hallusionbench-non_image-VS-chart-12-0-0,hallusionbench-non_image-VS-chart-12,llava,hallusionbench,non_image,0,1,1,1,vision_hallucination|reasoning_hallucination,1,1.0011161565449376,-0.0,-13.77331694244381,0.43237150586113615,0.16501352569882777,0.18981064021641117,0.2623985572587917,0,consensus_low,1,1,1
hallusionbench-non_image-VS-chart-12-0-2,hallusionbench-non_image-VS-chart-12,llava,hallusionbench,non_image,0,1,1,1,reasoning_hallucination,1,1.000509262086428,-0.0,-10.050687004526177,0.3133453561767358,0.16501352569882777,0.34490532010820557,0.27442140066125636,0,consensus_low,1,1,1
hallusionbench-non_image-VS-chart-14-0-1,hallusionbench-non_image-VS-chart-14,llava,hallusionbench,non_image,0,1,1,1,vision_hallucination|reasoning_hallucination,1,1.000430107123385,-0.0,-15.630287002352285,0.28990081154192965,0.16501352569882777,0.10775473399458972,0.18755635707844906,0,consensus_low,1,1,1
hallusionbench-non_image-VS-chart-15-0-0,hallusionbench-non_image-VS-chart-15,llava,hallusionbench,non_image,0,1,1,1,reasoning_hallucination,1,1.000044345856707,0.50031198043053,-10.82666786925693,0.005861136158701533,0.49188458070333635,0.3205590622182146,0.2727682596934175,0,consensus_low,1,1,1
hallusionbench-non_image-VS-chart-19-0-1,hallusionbench-non_image-VS-chart-19,llava,hallusionbench,non_image,0,1,1,1,vision_hallucination|reasoning_hallucination,1,1.0004966258942685,-0.0,-17.479843594260092,0.30883678990081154,0.16501352569882777,0.058160504959422904,0.17733694018635407,0,consensus_low,1,1,1
hallusionbench-non_image-VS-table-3-0-0,hallusionbench-non_image-VS-table-3,llava,hallusionbench,non_image,0,1,1,1,vision_hallucination|reasoning_hallucination,1,1.0002421140644004,-0.0,-9.498664659736052,0.19972948602344454,0.16501352569882777,0.3701532912533814,0.2449654343252179,0,consensus_low,1,1,1
hallusionbench-non_image-VS-table-3-0-1,hallusionbench-non_image-VS-table-3,llava,hallusionbench,non_image,0,1,1,1,vision_hallucination|reasoning_hallucination,1,1.0002771616124373,-0.0,-16.15584805989445,0.22407574391343552,0.16501352569882777,0.09062218214607755,0.15990381725278027,0,consensus_low,1,1,1
hallusionbench-non_image-VS-table-3-0-2,hallusionbench-non_image-VS-table-3,llava,hallusionbench,non_image,0,1,1,1,vision_hallucination|reasoning_hallucination,1,1.0000786781337836,-0.0,-16.148353424520394,0.044634806131650134,0.16501352569882777,0.09152389540126239,0.1003907424105801,0,consensus_low,1,1,1
hallusionbench-non_image-VS-table-6-0-2,hallusionbench-non_image-VS-table-6,llava,hallusionbench,non_image,0,1,1,1,vision_hallucination|reasoning_hallucination,1,1.000203967098195,-0.0,8.460475101300469,0.1672678088367899,0.16501352569882777,0.5532010820559062,0.295160805530508,0,consensus_low,1,1,1
hallusionbench-non_image-VS-table-7-0-1,hallusionbench-non_image-VS-table-7,llava,hallusionbench,non_image,0,1,1,1,reasoning_hallucination,1,1.0003676414625478,-0.0,-14.992217342669798,0.2583408476104599,0.16501352569882777,0.13931469792605952,0.18755635707844906,0,consensus_low,1,1,1
hallusionbench-non_image-VS-table-7-0-3,hallusionbench-non_image-VS-table-7,llava,hallusionbench,non_image,0,1,1,1,vision_hallucination|reasoning_hallucination,1,1.0009891986749408,-0.0,-15.45994670229289,0.4143372407574391,0.16501352569882777,0.11767357980162309,0.23234144875263,0,consensus_low,1,1,1
hallusionbench-non_image-VS-table-9-0-1,hallusionbench-non_image-VS-table-9,llava,hallusionbench,non_image,0,1,1,1,vision_hallucination|reasoning_hallucination,1,1.0000830888777026,-0.0,-14.232545573031382,0.05365193868349865,0.16501352569882777,0.1690712353471596,0.12924556657649533,0,consensus_low,1,1,1
hallusionbench-non_image-VS-map-1-0-1,hallusionbench-non_image-VS-map-1,llava,hallusionbench,non_image,0,1,1,1,vision_hallucination|reasoning_hallucination,1,1.0005475282793044,-0.0,-13.279179781362297,0.32506762849413884,0.16501352569882777,0.21055004508566275,0.23354373309287646,0,consensus_low,1,1,1
hallusionbench-non_image-VS-map-7-0-1,hallusionbench-non_image-VS-map-7,llava,hallusionbench,non_image,0,1,1,1,vision_hallucination|reasoning_hallucination,1,1.0007969141199384,-0.0,-13.467221811254102,0.38097385031559966,0.16501352569882777,0.2024346257889991,0.24947400060114214,0,consensus_low,1,1,1
hallusionbench-image-VS-chart-3-2-0,hallusionbench-image-VS-chart-3,llava,hallusionbench,image,0,1,1,1,vision_hallucination|reasoning_hallucination,1,1.0042936800460878,-0.0,-14.578763599781356,0.5928764652840397,0.16501352569882777,0.1600541027953111,0.3059813645927262,0,consensus_low,1,1,1
hallusionbench-image-VS-chart-5-2-3,hallusionbench-image-VS-chart-5,llava,hallusionbench,image,0,1,1,1,vision_hallucination|reasoning_hallucination,1,1.000074744223791,-0.0,-11.355312788481257,0.03832281334535618,0.16501352569882777,0.30162308385933273,0.16831980763450557,0,consensus_low,1,1,1
hallusionbench-image-VS-chart-6-2-1,hallusionbench-image-VS-chart-6,llava,hallusionbench,image,0,1,1,1,vision_hallucination|reasoning_hallucination,1,1.0000573396677634,-0.0,-12.079619818174637,0.01848512173128945,0.16501352569882777,0.2673579801623084,0.15028554253080853,0,consensus_low,1,1,1
hallusionbench-image-VS-chart-8-2-0,hallusionbench-image-VS-chart-8,llava,hallusionbench,image,0,1,1,1,vision_hallucination|reasoning_hallucination,1,1.000104069711342,-0.0,-16.5518740045751,0.07529305680793508,0.16501352569882777,0.07529305680793508,0.10519987977156597,0,consensus_low,1,1,1
hallusionbench-image-VS-chart-9-2-0,hallusionbench-image-VS-chart-9,llava,hallusionbench,image,0,1,1,1,vision_hallucination|reasoning_hallucination,1,1.0001233816149189,-0.0,-14.904824797559334,0.09873760144274121,0.16501352569882777,0.1447249774571686,0.13615870153291254,0,consensus_low,1,1,1
hallusionbench-image-VS-chart-10-2-2,hallusionbench-image-VS-chart-10,llava,hallusionbench,image,0,1,1,1,vision_hallucination|reasoning_hallucination,1,1.0010670423140944,-0.0,-16.010500990264184,0.4278629395852119,0.16501352569882777,0.09513074842200181,0.22933573790201386,0,consensus_low,1,1,1
hallusionbench-image-VS-chart-12-2-0,hallusionbench-image-VS-chart-12,llava,hallusionbench,image,0,1,1,1,vision_hallucination|reasoning_hallucination,1,1.0004022121290153,-0.0,-14.075124010105862,0.2772768259693417,0.16501352569882777,0.17808836789900812,0.20679290652239254,0,consensus_low,1,1,1
hallusionbench-image-VS-chart-12-2-1,hallusionbench-image-VS-chart-12,llava,hallusionbench,image,0,1,1,1,vision_hallucination|reasoning_hallucination,1,1.0008807182311248,-0.0,-15.54490087472955,0.3954012623985573,0.16501352569882777,0.11316501352569883,0.224526600541028,0,consensus_low,1,1,1
hallusionbench-image-VS-chart-12-2-2,hallusionbench-image-VS-chart-12,llava,hallusionbench,image,0,1,1,1,reasoning_hallucination,1,1.0006476640499813,-0.0,-7.544463228126734,0.34761045987376016,0.16501352569882777,0.41073038773669973,0.3077847911030959,0,consensus_low,1,1,1
hallusionbench-image-VS-chart-14-2-0,hallusionbench-image-VS-chart-14,llava,hallusionbench,image,0,1,1,1,vision_hallucination|reasoning_hallucination,1,1.000170350074435,-0.0,-4.775069806932917,0.14201983769161405,0.16501352569882777,0.4449954914337241,0.25067628494138866,0,consensus_low,1,1,1
hallusionbench-image-VS-chart-14-2-2,hallusionbench-image-VS-chart-14,llava,hallusionbench,image,0,1,1,1,vision_hallucination|reasoning_hallucination,1,1.000057935715822,-0.0,-13.963870338587428,0.022091974752028856,0.16501352569882777,0.18349864743011723,0.12353471596032461,0,consensus_low,1,1,1
hallusionbench-image-VS-chart-16-2-0,hallusionbench-image-VS-chart-16,llava,hallusionbench,image,0,1,1,1,vision_hallucination|reasoning_hallucination,1,1.0001223087304976,0.5003719952013456,-11.850818132623036,0.09783588818755636,0.49909828674481516,0.2763751127141569,0.29110309588217614,0,consensus_low,1,1,1
hallusionbench-image-VS-chart-19-2-0,hallusionbench-image-VS-chart-19,llava,hallusionbench,image,0,1,1,1,vision_hallucination|reasoning_hallucination,1,1.000144720071075,-0.0,-16.29224221128495,0.11902614968440037,0.16501352569882777,0.08431018935978359,0.12278328824767058,0,consensus_low,1,1,1
hallusionbench-image-VS-chart-21-2-0,hallusionbench-image-VS-chart-21,llava,hallusionbench,image,0,1,1,1,vision_hallucination|reasoning_hallucination,1,1.000082015992846,-0.0,-18.03494806888738,0.046438232642019836,0.16501352569882777,0.04192966636609558,0.0844604749023144,0,consensus_low,1,1,1
hallusionbench-image-VS-table-3-2-1,hallusionbench-image-VS-table-3,llava,hallusionbench,image,0,1,1,1,vision_hallucination|reasoning_hallucination,1,1.0002367496428333,0.500436941593407,-12.05606392466969,0.19477006311992787,0.5090171325518486,0.26916140667267807,0.3243162007814848,0,consensus_low,1,1,1
hallusionbench-image-VS-table-3-2-0,hallusionbench-image-VS-table-3,llava,hallusionbench,image,0,1,1,1,vision_hallucination|reasoning_hallucination,1,1.0001816749563,-0.0,-14.92824964810174,0.15103697024346258,0.16501352569882777,0.14292155094679893,0.1529906822963631,0,consensus_low,1,1,1
hallusionbench-image-VS-table-4-2-1,hallusionbench-image-VS-table-4,llava,hallusionbench,image,0,1,1,1,reasoning_hallucination,1,1.0001099109656886,-0.0,-15.138731978763465,0.08160504959422904,0.16501352569882777,0.13119927862939584,0.12593928464081755,0,consensus_low,1,1,1
hallusionbench-image-VS-table-4-3-1,hallusionbench-image-VS-table-4,llava,hallusionbench,image,0,1,1,1,reasoning_hallucination,1,1.0001093149193974,-0.0,-9.707106907140302,0.08070333633904418,0.16501352569882777,0.36203787195671777,0.2025849113315299,0,consensus_low,1,1,1
hallusionbench-image-VS-table-7-2-1,hallusionbench-image-VS-table-7,llava,hallusionbench,image,0,1,1,1,reasoning_hallucination,1,1.0001983642552106,-0.0,-16.944802522380133,0.16275924256086566,0.16501352569882777,0.06898106402164111,0.1322512774271115,0,consensus_low,1,1,1
hallusionbench-image-VS-table-7-2-2,hallusionbench-image-VS-table-7,llava,hallusionbench,image,0,1,1,1,reasoning_hallucination,1,1.0002065897023975,-0.0,-13.234488975051454,0.16997294860234446,0.16501352569882777,0.21145175834084762,0.18214607754733994,0,consensus_low,1,1,1
hallusionbench-image-VS-table-7-2-5,hallusionbench-image-VS-table-7,llava,hallusionbench,image,0,1,1,1,reasoning_hallucination,1,1.0002366304344388,-0.0,-13.51243315989507,0.19296663660955815,0.16501352569882777,0.2006311992786294,0.18620378719567177,0,consensus_low,1,1,1
hallusionbench-image-VS-table-7-3-0,hallusionbench-image-VS-table-7,llava,hallusionbench,image,0,1,1,1,reasoning_hallucination,1,1.0002486705831397,-0.0,-17.49506526124284,0.2042380522993688,0.16501352569882777,0.05725879170423805,0.14217012323414488,0,consensus_low,1,1,1
hallusionbench-image-VS-table-7-3-3,hallusionbench-image-VS-table-7,llava,hallusionbench,image,0,1,1,1,reasoning_hallucination,1,1.0009548664128745,-0.0,-16.54133479494111,0.41073038773669973,0.16501352569882777,0.07709648331830478,0.21761346558461078,0,consensus_low,1,1,1
hallusionbench-image-VS-table-7-3-4,hallusionbench-image-VS-table-7,llava,hallusionbench,image,0,1,1,1,reasoning_hallucination,1,1.0007113218461476,-0.0,-7.189085189946088,0.36384129846708746,0.16501352569882777,0.4125338142470694,0.3137962128043282,0,consensus_low,1,1,1
hallusionbench-image-VS-table-8-2-3,hallusionbench-image-VS-table-8,llava,hallusionbench,image,0,1,1,1,vision_hallucination,1,1.000181555754469,-0.0,-14.615136466375668,0.1496844003606853,0.16501352569882777,0.15915238954012623,0.15795010519987976,0,consensus_low,1,1,1
hallusionbench-image-VS-table-8-3-0,hallusionbench-image-VS-table-8,llava,hallusionbench,image,0,1,1,1,vision_hallucination|reasoning_hallucination,1,1.0002079009998004,-0.0,-12.746771092885057,0.17222723174030657,0.16501352569882777,0.22948602344454463,0.18890892696122633,0,consensus_low,1,1,1
hallusionbench-image-VS-table-8-3-4,hallusionbench-image-VS-table-8,llava,hallusionbench,image,0,1,1,1,vision_hallucination|reasoning_hallucination,1,1.000271916390162,-0.0,-16.224705288667174,0.22091974752028856,0.16501352569882777,0.08791704238052299,0.15795010519987976,0,consensus_low,1,1,1
hallusionbench-image-VS-table-9-2-0,hallusionbench-image-VS-table-9,llava,hallusionbench,image,0,1,1,1,reasoning_hallucination,1,1.0002117156968982,-0.0,-14.892799957042175,0.17718665464382327,0.16501352569882777,0.14562669071235348,0.16260895701833486,0,consensus_low,1,1,1
hallusionbench-image-VD-illusion-6-1-0,hallusionbench-image-VD-illusion-6,llava,hallusionbench,image,0,1,1,1,vision_hallucination|reasoning_hallucination,1,1.000523567192354,-0.0,5.633489343314142,0.31875563570784493,0.16501352569882777,0.5405770964833183,0.341448752629997,0,consensus_low,1,1,1
hallusionbench-image-VD-illusion-7-0-0,hallusionbench-image-VD-illusion-7,llava,hallusionbench,image,0,1,1,1,vision_hallucination|reasoning_hallucination,1,1.000927567485095,0.5000315692349894,-13.74019896265612,0.40171325518485124,0.4837691614066727,0.19161406672678089,0.3590321611061016,0,consensus_low,1,1,1
hallusionbench-image-VD-math-10-0-1,hallusionbench-image-VD-math-10,llava,hallusionbench,image,0,1,1,1,vision_hallucination|reasoning_hallucination,1,1.0006060600213185,-0.0,-21.84622478784992,0.3358881875563571,0.16501352569882777,0.005861136158701533,0.1689209498046288,0,consensus_low,1,1,1
mmvet-v1_31,mmvet-v1_31,llava,mmvet,test,0,1,1,1,reasoning_hallucination,1,1.0042197703971238,0.5128800363053165,-15.357949626354682,0.22350230414746544,0.1912442396313364,0.0944700460829493,0.16973886328725038,0,consensus_low,1,1,1
mmvet-v1_50,mmvet-v1_50,llava,mmvet,test,0,1,1,1,vision_hallucination,2,1.0025688034583102,0.6843074531116785,-8.82176851758307,0.1912442396313364,0.31105990783410137,0.20506912442396313,0.23579109062980028,0,consensus_low,1,1,1
mmvet-v1_66,mmvet-v1_66,llava,mmvet,test,0,1,1,0,vision_hallucination|reasoning_hallucination,1,1.0091515649201903,-0.0,-13.922589009301907,0.27419354838709675,0.06221198156682028,0.1359447004608295,0.15745007680491552,0,consensus_low,1,1,1
mmvet-v1_68,mmvet-v1_68,llava,mmvet,test,0,1,1,1,vision_hallucination|reasoning_hallucination,1,1.0003818273559542,0.6728130604986189,-14.143334919053164,0.06221198156682028,0.2880184331797235,0.1313364055299539,0.1605222734254992,0,consensus_low,1,1,1
mmvet-v1_76,mmvet-v1_76,llava,mmvet,test,0,1,1,1,reasoning_hallucination,1,1.003481915882514,0.9534496289415962,-2.739170066115518,0.20967741935483872,0.38940092165898615,0.4078341013824885,0.33563748079877115,0,consensus_low,1,1,1
mmvet-v1_77,mmvet-v1_77,llava,mmvet,test,0,1,1,1,vision_hallucination,1,1.0007928024812591,0.893970787216219,-7.242117288803554,0.10829493087557604,0.37557603686635943,0.24193548387096775,0.24193548387096775,0,consensus_low,1,1,1
mmvet-v1_106,mmvet-v1_106,llava,mmvet,test,0,1,1,1,vision_hallucination|reasoning_hallucination,1,1.038431645859299,0.6779743338875365,-9.421673149948752,0.4400921658986175,0.2926267281105991,0.1912442396313364,0.3079877112135177,0,consensus_low,1,1,1
mmvet-v1_111,mmvet-v1_111,llava,mmvet,test,0,1,1,1,vision_hallucination,1,1.003705024799467,0.5006253775335854,-14.874697065011471,0.21889400921658986,0.18202764976958524,0.10829493087557604,0.16973886328725038,0,consensus_low,1,1,1
mmvet-v1_120,mmvet-v1_120,llava,mmvet,test,0,1,1,0,vision_hallucination|reasoning_hallucination,1,1.0117013451714822,0.6787014866551513,-7.424294101219999,0.30184331797235026,0.30184331797235026,0.22811059907834103,0.27726574500768053,0,consensus_low,1,1,1
mmvet-v1_126,mmvet-v1_126,llava,mmvet,test,0,1,1,1,vision_hallucination,1,1.0035333632507415,0.4966548984449505,-16.733222263625148,0.21428571428571427,0.16359447004608296,0.06682027649769585,0.14823348694316438,0,consensus_low,1,1,1
mmvet-v1_175,mmvet-v1_175,llava,mmvet,test,0,1,1,1,vision_hallucination,1,1.040268779474982,0.4789829915076263,-8.820736003007692,0.44930875576036866,0.1497695852534562,0.20967741935483872,0.2695852534562212,0,consensus_low,1,1,1
mmvet-v1_202,mmvet-v1_202,llava,mmvet,test,0,1,1,1,vision_hallucination,1,1.1331936050653957,-0.0,-12.40402544552586,0.5783410138248848,0.06221198156682028,0.1497695852534562,0.26344086021505375,0,consensus_low,1,1,1
vilp-2-case3,vilp-2,qwen,vilp,test,0,1,1,1,reasoning_hallucination,1,1.0057947325579597,-0.0,-18.795934794788877,0.38560267857142855,0.22823660714285715,0.056361607142857144,0.2234002976190476,0,consensus_low,1,1,1
vilp-5-case2,vilp-5,qwen,vilp,test,0,1,1,1,vision_hallucination|reasoning_hallucination,1,1.0032942295838587,-0.0,-19.45182254940895,0.31752232142857145,0.22823660714285715,0.04296875,0.19624255952380953,0,consensus_low,1,1,1
vilp-10-case3,vilp-10,qwen,vilp,test,0,1,1,1,reasoning_hallucination,1,1.0206386234445854,-0.0,-16.141044444337716,0.5574776785714286,0.22823660714285715,0.15234375,0.3126860119047619,0,consensus_low,1,1,1
vilp-14-case2,vilp-14,qwen,vilp,test,0,1,1,1,reasoning_hallucination,1,1.000224471092725,-0.0,-20.010630375612916,0.04408482142857143,0.22823660714285715,0.023995535714285716,0.09877232142857144,0,consensus_low,1,1,1
vilp-14-case3,vilp-14,qwen,vilp,test,0,1,1,1,reasoning_hallucination,1,1.0001143217090978,-0.0,-20.382496678165428,0.020647321428571428,0.22823660714285715,0.017299107142857144,0.08872767857142856,0,consensus_low,1,1,1
vilp-17-case2,vilp-17,qwen,vilp,test,0,1,1,1,vision_hallucination|reasoning_hallucination,1,1.0004142496305282,0.5019691313449984,-18.25419591733171,0.07310267857142858,0.63671875,0.07310267857142858,0.2609747023809524,0,consensus_low,1,1,1
vilp-18-case2,vilp-18,qwen,vilp,test,0,1,1,1,vision_hallucination|reasoning_hallucination,1,1.0042222736036723,-0.0,-20.622305015931957,0.34877232142857145,0.22823660714285715,0.015066964285714286,0.19735863095238096,0,consensus_low,1,1,1
vilp-22-case2,vilp-22,qwen,vilp,test,0,1,1,1,reasoning_hallucination,1,1.0004263882419908,0.487987800586198,-15.99473079073378,0.07645089285714286,0.6032366071428571,0.16127232142857142,0.28031994047619047,0,consensus_low,1,1,1
vilp-40-case3,vilp-40,qwen,vilp,test,0,1,1,1,reasoning_hallucination,1,1.002612292282715,-0.0,1.2022706616251,0.2806919642857143,0.22823660714285715,0.5139508928571429,0.34095982142857145,0,consensus_low,1,1,1
vilp-44-case2,vilp-44,qwen,vilp,test,0,1,1,1,vision_hallucination|reasoning_hallucination,1,1.003794530127274,-0.0,-15.374927142722523,0.33761160714285715,0.22823660714285715,0.18694196428571427,0.25093005952380953,0,consensus_low,1,1,1
vilp-49-case2,vilp-49,qwen,vilp,test,0,1,1,1,reasoning_hallucination,1,1.001250900570937,-0.0,7.12605697135975,0.17912946428571427,0.22823660714285715,0.6143973214285714,0.3405877976190476,0,consensus_low,1,1,1
vilp-86-case2,vilp-86,qwen,vilp,test,0,1,1,1,reasoning_hallucination,1,1.0031142053918976,-0.0,-9.336994320689064,0.3041294642857143,0.22823660714285715,0.3521205357142857,0.294828869047619,0,consensus_low,1,1,1
vilp-86-case3,vilp-86,qwen,vilp,test,0,1,1,0,vision_hallucination|reasoning_hallucination,1,1.000663550780028,-0.0,-12.770039469277586,0.12444196428571429,0.22823660714285715,0.2818080357142857,0.21149553571428573,0,consensus_low,1,1,1
vilp-94-case2,vilp-94,qwen,vilp,test,0,1,1,1,vision_hallucination,1,1.0032419161720083,-0.0,-1.811140289386948,0.3130580357142857,0.22823660714285715,0.4681919642857143,0.33649553571428575,0,consensus_low,1,1,1
vilp-113-case2,vilp-113,qwen,vilp,test,0,1,1,1,reasoning_hallucination,1,1.015609383230204,-0.0,-13.182076403984766,0.5184151785714286,0.22823660714285715,0.2661830357142857,0.3376116071428572,0,consensus_low,1,1,1
vilp-131-case3,vilp-131,qwen,vilp,test,0,1,1,2,reasoning_hallucination,1,1.000676418610126,-0.0,-16.043730598921492,0.12667410714285715,0.22823660714285715,0.15792410714285715,0.17094494047619047,0,consensus_low,1,1,1
vilp-150-case3,vilp-150,qwen,vilp,test,0,1,1,0,vision_hallucination|reasoning_hallucination,1,1.0023938557088716,-0.0,-15.55430061343421,0.26953125,0.22823660714285715,0.18136160714285715,0.2263764880952381,0,consensus_low,1,1,1
vilp-206-case3,vilp-206,qwen,vilp,test,0,1,1,1,vision_hallucination|reasoning_hallucination,1,1.00328805370402,-0.0,-16.051551343894094,0.31640625,0.22823660714285715,0.15680803571428573,0.2338169642857143,0,consensus_low,1,1,1
vilp-217-case2,vilp-217,qwen,vilp,test,0,1,1,1,reasoning_hallucination,1,1.002078582183331,-0.0,-7.125241185425034,0.24386160714285715,0.22823660714285715,0.3911830357142857,0.2877604166666667,0,consensus_low,1,1,1
vilp-231-case3,vilp-231,qwen,vilp,test,0,1,1,1,reasoning_hallucination,1,1.0107325340019773,-0.0,-14.029278543761729,0.46372767857142855,0.22823660714285715,0.23381696428571427,0.30859375,0,consensus_low,1,1,1
vilp-242-case2,vilp-242,qwen,vilp,test,0,1,1,2,vision_hallucination|reasoning_hallucination,1,1.0079639512738174,-0.0,-11.938790197415663,0.41796875,0.22823660714285715,0.29966517857142855,0.3152901785714286,0,consensus_low,1,1,1
vilp-242-case3,vilp-242,qwen,vilp,test,0,1,1,1,reasoning_hallucination,1,1.0021630845077556,-0.0,-8.885135821944347,0.25167410714285715,0.22823660714285715,0.3599330357142857,0.2799479166666667,0,consensus_low,1,1,1
vilp-248-case2,vilp-248,qwen,vilp,test,0,1,1,1,vision_hallucination|reasoning_hallucination,1,1.0010991526959128,-0.0,-14.760676299470404,0.16685267857142858,0.22823660714285715,0.20926339285714285,0.20145089285714288,0,consensus_low,1,1,1
vilp-248-case3,vilp-248,qwen,vilp,test,0,1,1,1,reasoning_hallucination,1,1.0006080588877388,-0.0,-15.240204787147237,0.11216517857142858,0.22823660714285715,0.19252232142857142,0.17764136904761904,0,consensus_low,1,1,1
vilp-256-case2,vilp-256,qwen,vilp,test,0,1,1,1,reasoning_hallucination,1,1.0003726352407862,0.4986264216607589,-16.58259363509411,0.06752232142857142,0.6233258928571429,0.12667410714285715,0.27250744047619047,0,consensus_low,1,1,1
vilp-271-case2,vilp-271,qwen,vilp,test,0,1,1,1,reasoning_hallucination,1,1.002180940776472,-0.0,-8.86371124238735,0.25390625,0.22823660714285715,0.36104910714285715,0.2810639880952381,0,consensus_low,1,1,1
hallusionbench-image-VS-chart-1-1-2,hallusionbench-image-VS-chart-1,qwen,hallusionbench,image,0,1,1,1,vision_hallucination,1,1.0006291866373345,-0.0,2.827013944327355,0.2637017070979335,0.21473495058400718,0.5152740341419587,0.3312368972746331,0,consensus_low,1,1,1
hallusionbench-image-VS-table-10-2-3,hallusionbench-image-VS-table-10,qwen,hallusionbench,image,0,1,1,1,reasoning_hallucination,1,1.0001873970101904,-0.0,-20.316839370109033,0.14240790655884997,0.21473495058400718,0.05525606469002695,0.13746630727762804,0,consensus_low,1,1,1
hallusionbench-image-VS-map-0-2-2,hallusionbench-image-VS-map-0,qwen,hallusionbench,image,0,1,1,1,vision_hallucination|reasoning_hallucination,1,1.0002665519834308,-0.0,5.131842814554023,0.1738544474393531,0.21473495058400718,0.5242587601078167,0.304282719377059,0,consensus_low,1,1,1
hallusionbench-image-VS-map-1-2-3,hallusionbench-image-VS-map-1,qwen,hallusionbench,image,0,1,1,1,reasoning_hallucination,1,1.0033315421281126,-0.0,-17.01206750180515,0.4550763701707098,0.21473495058400718,0.197214734950584,0.2890086852351003,0,consensus_low,1,1,1
hallusionbench-image-VS-map-4-2-1,hallusionbench-image-VS-map-4,qwen,hallusionbench,image,0,1,1,1,vision_hallucination|reasoning_hallucination,1,1.0001238584528087,-0.0,-22.10616368318805,0.09478885893980234,0.21473495058400718,0.010332434860736747,0.1066187481281821,0,consensus_low,1,1,1
hallusionbench-image-VS-map-4-2-0,hallusionbench-image-VS-map-4,qwen,hallusionbench,image,0,1,1,1,vision_hallucination|reasoning_hallucination,1,1.002544641457937,-0.0,-19.79132674450296,0.40386343216531895,0.21473495058400718,0.07951482479784366,0.23270440251572325,0,consensus_low,1,1,1
hallusionbench-image-VS-map-4-2-3,hallusionbench-image-VS-map-4,qwen,hallusionbench,image,0,1,1,1,vision_hallucination|reasoning_hallucination,1,1.0015504359972622,-0.0,-19.0426442290337,0.3481581311769991,0.21473495058400718,0.11814914645103325,0.22701407607067983,0,consensus_low,1,1,1
hallusionbench-image-VS-map-4-2-2,hallusionbench-image-VS-map-4,qwen,hallusionbench,image,0,1,1,1,vision_hallucination|reasoning_hallucination,1,1.0001133680353622,-0.0,-20.96193599542521,0.08490566037735849,0.21473495058400718,0.032794249775381853,0.11081162024558251,0,consensus_low,1,1,1
hallusionbench-image-VS-map-7-1-1,hallusionbench-image-VS-map-7,qwen,hallusionbench,image,0,1,1,1,vision_hallucination|reasoning_hallucination,1,1.0006083250335076,-0.0,-20.516508274612264,0.2601078167115903,0.21473495058400718,0.04806828391734052,0.17430368373764601,0,consensus_low,1,1,1
hallusionbench-image-VS-map-10-2-1,hallusionbench-image-VS-map-10,qwen,hallusionbench,image,0,1,1,1,reasoning_hallucination,1,1.0000517368311923,0.4993432374998339,-17.58189885756372,0.029200359389038633,0.554806828391734,0.18014375561545373,0.25471698113207547,0,consensus_low,1,1,1
hallusionbench-image-VS-ocr-5-1-1,hallusionbench-image-VS-ocr-5,qwen,hallusionbench,image,0,1,1,1,reasoning_hallucination,1,1.003551363830214,-0.0,-19.328134936930574,0.46765498652291104,0.21473495058400718,0.10736747529200359,0.2632524707996406,0,consensus_low,1,1,1
hallusionbench-image-VS-ocr-7-2-0,hallusionbench-image-VS-ocr-7,qwen,hallusionbench,image,0,1,1,1,vision_hallucination|reasoning_hallucination,1,1.0021506546929555,-0.0,-17.783662237994264,0.38409703504043125,0.21473495058400718,0.17295597484276728,0.25726265348906857,0,consensus_low,1,1,1
hallusionbench-image-VD-illusion-0-0-0,hallusionbench-image-VD-illusion-0,qwen,hallusionbench,image,0,1,1,1,vision_hallucination|reasoning_hallucination,1,1.0002424716915872,0.4978425438637786,-15.9302683777078,0.16576819407008087,0.5440251572327044,0.24303683737646,0.31761006289308175,0,consensus_low,1,1,1
hallusionbench-image-VD-illusion-0-1-0,hallusionbench-image-VD-illusion-0,qwen,hallusionbench,image,0,1,1,1,vision_hallucination,1,1.0019098520424168,-0.0,-21.249834023054337,0.37331536388140163,0.21473495058400718,0.025606469002695417,0.20455226115603473,0,consensus_low,1,1,1
hallusionbench-image-VD-illusion-1-1-2,hallusionbench-image-VD-illusion-1,qwen,hallusionbench,image,0,1,1,1,vision_hallucination,1,1.0026038885625517,-0.0,-21.79451627688702,0.4101527403414196,0.21473495058400718,0.01302785265049416,0.21263851452530694,0,consensus_low,1,1,1
hallusionbench-image-VD-illusion-3-1-0,hallusionbench-image-VD-illusion-3,qwen,hallusionbench,image,0,1,1,1,reasoning_hallucination,1,1.0011820792781203,-0.0,-21.108257894069705,0.325696316262354,0.21473495058400718,0.02830188679245283,0.18957771787960467,0,consensus_low,1,1,1
hallusionbench-image-VD-illusion-9-1-0,hallusionbench-image-VD-illusion-9,qwen,hallusionbench,image,0,1,1,1,reasoning_hallucination,1,1.0023009778090348,-0.0,-19.271660834841132,0.3939802336028751,0.21473495058400718,0.11006289308176101,0.2395926924228811,0,consensus_low,1,1,1
hallusionbench-image-VD-illusion-9-1-1,hallusionbench-image-VD-illusion-9,qwen,hallusionbench,image,0,1,1,1,vision_hallucination|reasoning_hallucination,1,1.001038670581977,-0.0,-21.50164713405171,0.31491464510332434,0.21473495058400718,0.018418688230008983,0.18268942797244683,0,consensus_low,1,1,1
hallusionbench-image-VD-illusion-19-0-2,hallusionbench-image-VD-illusion-19,qwen,hallusionbench,image,0,1,1,1,vision_hallucination|reasoning_hallucination,1,1.003682970938882,-0.0,-19.8245243811872,0.4748427672955975,0.21473495058400718,0.07861635220125786,0.25606469002695414,0,consensus_low,1,1,1
hallusionbench-image-VD-illusion-19-1-0,hallusionbench-image-VD-illusion-19,qwen,hallusionbench,image,0,1,1,1,vision_hallucination,1,1.0013492107860695,-0.0,-23.548116749095847,0.33647798742138363,0.21473495058400718,0.0022461814914645105,0.18448637316561844,0,consensus_low,1,1,1
hallusionbench-image-VD-illusion-29-1-0,hallusionbench-image-VD-illusion-29,qwen,hallusionbench,image,0,1,1,1,reasoning_hallucination,1,1.0041742325804934,-0.0,-19.74145962427122,0.5080862533692723,0.21473495058400718,0.08310871518418689,0.2686433063791554,0,consensus_low,1,1,1
hallusionbench-image-VD-math-2-1-2,hallusionbench-image-VD-math-2,qwen,hallusionbench,image,0,1,1,1,vision_hallucination|reasoning_hallucination,1,1.0008077621309333,-0.0,-3.328270299703453,0.2825696316262354,0.21473495058400718,0.4811320754716981,0.32614555256064687,0,consensus_low,1,1,1
hallusionbench-image-VD-math-12-1-0,hallusionbench-image-VD-math-12,qwen,hallusionbench,image,0,1,1,1,reasoning_hallucination,1,1.000112175939014,-0.0,-21.41700864676871,0.08310871518418689,0.21473495058400718,0.0220125786163522,0.1066187481281821,0,consensus_low,1,1,1
hallusionbench-image-VD-math-15-0-0,hallusionbench-image-VD-math-15,qwen,hallusionbench,image,0,1,1,1,vision_hallucination|reasoning_hallucination,1,1.0007715224931029,-0.0,-16.408745316052105,0.279874213836478,0.21473495058400718,0.21877807726864332,0.2377957472297095,0,consensus_low,1,1,1
hallusionbench-image-VD-ocr-2-1-0,hallusionbench-image-VD-ocr-2,qwen,hallusionbench,image,0,1,1,1,vision_hallucination|reasoning_hallucination,1,1.003973960938281,-0.0,-18.44890575708965,0.49550763701707096,0.21473495058400718,0.14690026954177898,0.28571428571428575,0,consensus_low,1,1,1
hallusionbench-image-VD-ocr-3-1-2,hallusionbench-image-VD-ocr-3,qwen,hallusionbench,image,0,1,1,1,vision_hallucination|reasoning_hallucination,1,1.0033395289266749,-0.0,-15.565655992092314,0.4559748427672956,0.21473495058400718,0.2592093441150045,0.30997304582210244,0,consensus_low,1,1,1
hallusionbench-image-VD-ocr-3-2-2,hallusionbench-image-VD-ocr-3,qwen,hallusionbench,image,0,1,1,1,vision_hallucination|reasoning_hallucination,1,1.003761529921317,-0.0,-14.668132817479998,0.48472596585804134,0.21473495058400718,0.2915543575920934,0.33033842467804736,0,consensus_low,1,1,1
hallusionbench-image-VD-ocr-5-1-0,hallusionbench-image-VD-ocr-5,qwen,hallusionbench,image,0,1,1,1,reasoning_hallucination,1,1.0010844469467377,-0.0,-18.79602884161328,0.3194070080862534,0.21473495058400718,0.1289308176100629,0.2210242587601078,0,consensus_low,1,1,1
hallusionbench-image-VD-ocr-7-1-0,hallusionbench-image-VD-ocr-7,qwen,hallusionbench,image,0,1,1,1,vision_hallucination|reasoning_hallucination,1,1.0031523703935057,-0.0,-16.903174296594436,0.449685534591195,0.21473495058400718,0.20170709793351302,0.2887091943695717,0,consensus_low,1,1,1
hallusionbench-image-VD-ocr-10-1-0,hallusionbench-image-VD-ocr-10,qwen,hallusionbench,image,0,1,1,1,vision_hallucination|reasoning_hallucination,1,1.0030499696833004,-0.0,-15.551365448881125,0.4442946990116801,0.21473495058400718,0.2601078167115903,0.30637915543575917,0,consensus_low,1,1,1
hallusionbench-image-VD-ocr-14-1-0,hallusionbench-image-VD-ocr-14,qwen,hallusionbench,image,0,1,1,1,vision_hallucination|reasoning_hallucination,1,1.0012764931212663,-0.0,-17.450806059783964,0.33198562443845464,0.21473495058400718,0.18373764600179696,0.24348607367475295,0,consensus_low,1,1,1
hallusionbench-image-VD-ocr-18-0-1,hallusionbench-image-VD-ocr-18,qwen,hallusionbench,image,0,1,1,1,vision_hallucination|reasoning_hallucination,1,1.0006657838795463,-0.0,-19.08034284441939,0.2672955974842767,0.21473495058400718,0.11455525606469003,0.1988619347109913,0,consensus_low,1,1,1
hallusionbench-image-VD-ocr-18-1-0,hallusionbench-image-VD-ocr-18,qwen,hallusionbench,image,0,1,1,1,vision_hallucination|reasoning_hallucination,1,1.0009441375857764,-0.0,-16.821454451382216,0.2996406109613657,0.21473495058400718,0.20530098831985624,0.2398921832884097,0,consensus_low,1,1,1
hallusionbench-image-VD-ocr-19-0-1,hallusionbench-image-VD-ocr-19,qwen,hallusionbench,image,0,1,1,2,vision_hallucination|reasoning_hallucination,1,1.0010311603156914,-0.0,-19.12897097513546,0.3140161725067385,0.21473495058400718,0.11365678346810422,0.21413596885294997,0,consensus_low,1,1,1
hallusionbench-image-VD-figure-2-1-1,hallusionbench-image-VD-figure-2,qwen,hallusionbench,image,0,1,1,1,reasoning_hallucination,1,1.0001479387271466,0.5006765174538828,-16.857390586190526,0.11680143755615453,0.5745732255166217,0.20350404312668463,0.298292902066487,0,consensus_low,1,1,1
hallusionbench-image-VD-figure-6-1-0,hallusionbench-image-VD-figure-6,qwen,hallusionbench,image,0,1,1,1,reasoning_hallucination,1,1.004184842127879,-0.0,-18.263957691534664,0.5098831985624438,0.21473495058400718,0.1522911051212938,0.29230308475591493,0,consensus_low,1,1,1
hallusionbench-image-VD-figure-7-1-0,hallusionbench-image-VD-figure-7,qwen,hallusionbench,image,0,1,1,1,vision_hallucination|reasoning_hallucination,1,1.002333402725324,-0.0,-18.45848141655461,0.3966756513926325,0.21473495058400718,0.14600179694519316,0.252470799640611,0,consensus_low,1,1,1
hallusionbench-image-VD-figure-11-0-1,hallusionbench-image-VD-figure-11,qwen,hallusionbench,image,0,1,1,1,reasoning_hallucination,1,1.000253558168685,-0.0,-16.93592517662946,0.17026055705300988,0.21473495058400718,0.19901168014375561,0.19466906259359087,0,consensus_low,1,1,1
hallusionbench-image-VD-figure-12-1-1,hallusionbench-image-VD-figure-12,qwen,hallusionbench,image,0,1,1,0,vision_hallucination|reasoning_hallucination,1,1.0001236200338357,-0.0,-18.561286904817443,0.09299191374663072,0.21473495058400718,0.14240790655884997,0.15004492362982927,0,consensus_low,1,1,1
hallusionbench-image-VD-figure-13-0-1,hallusionbench-image-VD-figure-13,qwen,hallusionbench,image,0,1,1,1,reasoning_hallucination,1,1.0002927780254207,-0.0,-19.51307353240634,0.18733153638814015,0.21473495058400718,0.09748427672955975,0.16651692123390235,0,consensus_low,1,1,1
hallusionbench-image-VD-figure-15-1-0,hallusionbench-image-VD-figure-15,qwen,hallusionbench,image,0,1,1,1,reasoning_hallucination,1,1.0041102171495138,-0.0,-13.433112952479142,0.5017969451931716,0.21473495058400718,0.3274932614555256,0.3480083857442348,0,consensus_low,1,1,1
hallusionbench-image-VD-figure-16-0-0,hallusionbench-image-VD-figure-16,qwen,hallusionbench,image,0,1,1,1,vision_hallucination|reasoning_hallucination,1,1.000064373014563,-0.0,-19.41661974323244,0.0426774483378257,0.21473495058400718,0.10467205750224619,0.12069481880802635,0,consensus_low,1,1,1
hallusionbench-image-VD-figure-17-1-1,hallusionbench-image-VD-figure-17,qwen,hallusionbench,image,0,1,1,1,vision_hallucination|reasoning_hallucination,1,1.0000188350668655,0.5000139703485833,-15.879438916657682,0.005840071877807727,0.5619946091644205,0.24573225516621744,0.27118897873614856,0,consensus_low,1,1,1
hallusionbench-image-VD-figure-18-1-0,hallusionbench-image-VD-figure-18,qwen,hallusionbench,image,0,1,1,1,vision_hallucination,1,1.0003098249371607,-0.0,-12.63703249570548,0.1945193171608266,0.21473495058400718,0.3607367475292004,0.25666367175801136,0,consensus_low,1,1,1
hallusionbench-image-VD-video-2-1-0,hallusionbench-image-VD-video-2,qwen,hallusionbench,image,0,1,1,1,reasoning_hallucination,1,1.00504565256125,-0.0,-16.67373155040658,0.5422282120395328,0.21473495058400718,0.20799640610961365,0.3216531895777179,0,consensus_low,1,1,1
hallusionbench-image-VD-video-2-1-2,hallusionbench-image-VD-video-2,qwen,hallusionbench,image,0,1,1,1,reasoning_hallucination,1,1.004077911492032,-0.0,-17.338892581414644,0.5,0.21473495058400718,0.18823000898472597,0.30098831985624436,0,consensus_low,1,1,1
hallusionbench-image-VD-video-3-2-1,hallusionbench-image-VD-video-3,qwen,hallusionbench,image,0,1,1,1,vision_hallucination|reasoning_hallucination,1,1.0043685436208591,-0.0,-16.524393110359394,0.518418688230009,0.21473495058400718,0.21338724168912848,0.31551362683438156,0,consensus_low,1,1,1
hallusionbench-image-VD-video-4-2-1,hallusionbench-image-VD-video-4,qwen,hallusionbench,image,0,1,1,1,vision_hallucination|reasoning_hallucination,1,1.0026707648647224,-0.0,-11.699423477636303,0.41823899371069184,0.21473495058400718,0.38499550763701706,0.33932315064390534,0,consensus_low,1,1,1
hallusionbench-image-VD-video-5-0-3,hallusionbench-image-VD-video-5,qwen,hallusionbench,image,0,1,1,1,reasoning_hallucination,1,1.002567052895046,-0.0,-14.75381799850046,0.40655884995507635,0.21473495058400718,0.28796046720575025,0.3030847559149446,0,consensus_low,1,1,1
hallusionbench-image-VD-video-8-1-0,hallusionbench-image-VD-video-8,qwen,hallusionbench,image,0,1,1,1,vision_hallucination|reasoning_hallucination,1,1.0014253854639443,-0.0,-20.161906331845703,0.3418688230008985,0.21473495058400718,0.062443845462713386,0.20634920634920637,0,consensus_low,1,1,1
hallusionbench-image-VD-video-8-1-1,hallusionbench-image-VD-video-8,qwen,hallusionbench,image,0,1,1,1,vision_hallucination|reasoning_hallucination,1,1.0001931190531528,-0.0,-19.920385759133705,0.14510332434860737,0.21473495058400718,0.07412398921832884,0.14465408805031446,0,consensus_low,1,1,1
hallusionbench-image-VD-video-12-2-1,hallusionbench-image-VD-video-12,qwen,hallusionbench,image,0,1,1,1,vision_hallucination|reasoning_hallucination,1,1.000848889322857,-0.0,-18.64081053564595,0.28706199460916443,0.21473495058400718,0.13611859838274934,0.212638514525307,0,consensus_low,1,1,1
hallusionbench-image-VD-video-17-0-0,hallusionbench-image-VD-video-17,qwen,hallusionbench,image,0,1,1,1,vision_hallucination|reasoning_hallucination,1,1.0004917383439718,-0.0,-15.356288105840108,0.24303683737646,0.21473495058400718,0.26819407008086255,0.2419886193471099,0,consensus_low,1,1,1
hallusionbench-image-VS-table-7-2-5,hallusionbench-image-VS-table-7,qwen,hallusionbench,image,0,1,1,1,reasoning_hallucination,1,1.0045708418486357,-0.0,-19.01108979101134,0.5247079964061097,0.21473495058400718,0.11904761904761904,0.2861635220125786,0,consensus_low,1,1,1
hallusionbench-image-VS-table-9-2-2,hallusionbench-image-VS-table-9,qwen,hallusionbench,image,0,1,1,1,reasoning_hallucination,1,1.005478024697971,-0.0,-18.036654161507016,0.5566037735849056,0.21473495058400718,0.16217430368373764,0.3111710092842168,0,consensus_low,1,1,1
hallusionbench-image-VD-illusion-11-1-2,hallusionbench-image-VD-illusion-11,qwen,hallusionbench,image,0,1,1,1,reasoning_hallucination,1,1.0040451290428838,-0.0,-15.351894284118217,0.4991015274034142,0.21473495058400718,0.26999101527403413,0.3279424977538185,0,consensus_low,1,1,1
hallusionbench-image-VD-math-9-1-1,hallusionbench-image-VD-math-9,qwen,hallusionbench,image,0,1,1,1,vision_hallucination,1,1.0000418424592508,-0.0,-13.901706410384676,0.018418688230008983,0.21473495058400718,0.3113207547169811,0.1814914645103324,0,consensus_low,1,1,1
hallusionbench-image-VD-math-11-0-2,hallusionbench-image-VD-math-11,qwen,hallusionbench,image,0,1,1,2,vision_hallucination|reasoning_hallucination,1,1.0000426769267987,-0.0,-19.058190671631955,0.02021563342318059,0.21473495058400718,0.11725067385444744,0.11740041928721173,0,consensus_low,1,1,1
mmvet-v1_16,mmvet-v1_16,qwen,mmvet,test,0,1,1,1,vision_hallucination|reasoning_hallucination,1,1.000245932724627,-0.0,-9.11220576452192,0.10093896713615023,0.12206572769953052,0.2934272300469484,0.17214397496087638,0,consensus_low,1,1,1
mmvet-v1_29,mmvet-v1_29,qwen,mmvet,test,0,1,1,2,vision_hallucination|reasoning_hallucination,1,1.0002366033721612,0.5003832513537443,-16.78443035345856,0.08685446009389672,0.3967136150234742,0.13380281690140844,0.2057902973395931,0,consensus_low,1,1,1
mmvet-v1_31,mmvet-v1_31,qwen,mmvet,test,0,1,1,1,reasoning_hallucination,1,1.0004421472425704,-0.0,-9.809335784074548,0.13849765258215962,0.12206572769953052,0.2699530516431925,0.17683881064162754,0,consensus_low,1,1,1
mmvet-v1_55,mmvet-v1_55,qwen,mmvet,test,0,1,1,2,reasoning_hallucination,1,1.0041948291275402,0.5000775800788154,-16.786679243070182,0.284037558685446,0.3873239436619718,0.12910798122065728,0.26682316118935834,0,consensus_low,1,1,1
mmvet-v1_109,mmvet-v1_109,qwen,mmvet,test,0,1,1,1,reasoning_hallucination,1,1.0058883428091585,-0.0,-16.712697207730034,0.31220657276995306,0.12206572769953052,0.1431924882629108,0.19248826291079812,0,consensus_low,1,1,1
mmvet-v1_122,mmvet-v1_122,qwen,mmvet,test,0,1,1,1,vision_hallucination,1,1.001500844943496,-0.0,-19.034758471070457,0.2136150234741784,0.12206572769953052,0.07276995305164319,0.13615023474178403,0,consensus_low,1,1,1
mmvet-v1_124,mmvet-v1_124,qwen,mmvet,test,0,1,1,1,vision_hallucination,1,1.0001354217539211,0.6733173785112816,-16.084102375462166,0.05868544600938967,0.5328638497652582,0.16666666666666666,0.25273865414710484,0,consensus_low,1,1,1
mmvet-v1_143,mmvet-v1_143,qwen,mmvet,test,0,1,1,1,vision_hallucination,1,1.0048657657579332,0.455096999538092,-10.887750197554736,0.3028169014084507,0.34976525821596244,0.2511737089201878,0.30125195618153366,0,consensus_low,1,1,1
vilp-5-case2,vilp-5,internvl,vilp,test,0,1,1,1,vision_hallucination,1,1.0076926948566671,-0.0,-19.56357896051657,0.5250556792873051,0.22884187082405344,0.026169265033407572,0.26002227171492204,0,consensus_low,1,1,1
vilp-5-case3,vilp-5,internvl,vilp,test,0,1,1,1,vision_hallucination|reasoning_hallucination,1,1.0112065075382322,-0.0,-18.353838410704135,0.5528953229398663,0.22884187082405344,0.07628062360801782,0.28600593912397915,0,consensus_low,1,1,1
vilp-14-case2,vilp-14,internvl,vilp,test,0,1,1,0,vision_hallucination|reasoning_hallucination,1,1.000115752217768,-0.0,-16.070815989262634,0.04064587973273942,0.22884187082405344,0.16982182628062362,0.14643652561247214,0,consensus_low,1,1,1
vilp-16-case3,vilp-16,internvl,vilp,test,0,1,1,1,vision_hallucination|reasoning_hallucination,1,1.0006482601331723,-0.0,-15.617309084822672,0.18986636971046772,0.22884187082405344,0.18207126948775057,0.20025983667409056,0,consensus_low,1,1,1
vilp-22-case2,vilp-22,internvl,vilp,test,0,1,1,1,reasoning_hallucination,1,1.0007432986833689,-0.0,-20.00282444360018,0.2121380846325167,0.22884187082405344,0.017260579064587972,0.15274684484038603,0,consensus_low,1,1,1
vilp-23-case2,vilp-23,internvl,vilp,test,0,1,1,1,vision_hallucination,1,1.0022485256532687,-0.0,-19.289744552253516,0.361358574610245,0.22884187082405344,0.036191536748329624,0.20879732739420934,0,consensus_low,1,1,1
vilp-23-case3,vilp-23,internvl,vilp,test,0,1,1,1,vision_hallucination|reasoning_hallucination,1,1.0023247002492042,-0.0,-15.756300279374967,0.3680400890868597,0.22884187082405344,0.17761692650334077,0.25816629547141795,0,consensus_low,1,1,1
vilp-24-case2,vilp-24,internvl,vilp,test,0,1,1,2,reasoning_hallucination,1,1.0010130405123685,-0.0,-17.680571755166508,0.2577951002227171,0.22884187082405344,0.10968819599109131,0.1987750556792873,0,consensus_low,1,1,1
vilp-44-case3,vilp-44,internvl,vilp,test,0,1,1,2,reasoning_hallucination,1,1.0340009184671066,-0.0,-17.371658476665505,0.6798440979955457,0.22884187082405344,0.1252783964365256,0.3446547884187083,0,consensus_low,1,1,1
vilp-82-case2,vilp-82,internvl,vilp,test,0,1,1,1,vision_hallucination|reasoning_hallucination,1,1.0118279215015709,-0.0,-16.368853219750193,0.5629175946547884,0.22884187082405344,0.1564587973273942,0.3160727542687453,0,consensus_low,1,1,1
vilp-87-case3,vilp-87,internvl,vilp,test,0,1,1,1,vision_hallucination|reasoning_hallucination,1,1.0040295122280063,-0.0,-16.326082154062348,0.4459910913140312,0.22884187082405344,0.160913140311804,0.2785820341499629,0,consensus_low,1,1,1
vilp-89-case2,vilp-89,internvl,vilp,test,0,1,1,1,vision_hallucination|reasoning_hallucination,1,1.0005242452737668,-0.0,-16.43847571922219,0.15868596881959912,0.22884187082405344,0.15423162583518932,0.1805864884929473,0,consensus_low,1,1,1
vilp-92-case2,vilp-92,internvl,vilp,test,0,1,1,1,vision_hallucination|reasoning_hallucination,1,1.0037375687531178,-0.0,-12.847622293969527,0.43374164810690424,0.22884187082405344,0.2789532293986637,0.31384558277654045,0,consensus_low,1,1,1
vilp-105-case2,vilp-105,internvl,vilp,test,0,1,1,0,vision_hallucination|reasoning_hallucination,1,1.0029750371888189,-0.0,-13.232825165433836,0.40256124721603564,0.22884187082405344,0.2611358574610245,0.29751299183370455,0,consensus_low,1,1,1
vilp-131-case3,vilp-131,internvl,vilp,test,0,1,1,2,reasoning_hallucination,1,1.0012213368655027,-0.0,-14.080912659187696,0.2856347438752784,0.22884187082405344,0.22884187082405344,0.24777282850779506,0,consensus_low,1,1,1
vilp-161-case2,vilp-161,internvl,vilp,test,0,1,1,1,vision_hallucination|reasoning_hallucination,1,1.0020388594391,-0.0,-11.000823524851173,0.3435412026726058,0.22884187082405344,0.3346325167037862,0.30233853006681516,0,consensus_low,1,1,1
vilp-165-case2,vilp-165,internvl,vilp,test,0,1,1,1,vision_hallucination|reasoning_hallucination,1,1.0005198681165928,-0.0,-18.904442562713335,0.15757238307349666,0.22884187082405344,0.05178173719376392,0.14606533036377137,0,consensus_low,1,1,1
vilp-191-case2,vilp-191,internvl,vilp,test,0,1,1,1,vision_hallucination|reasoning_hallucination,1,1.001421376125908,-0.0,-12.312551828951348,0.30456570155902,0.22884187082405344,0.294543429844098,0.27598366740905717,0,consensus_low,1,1,1
vilp-197-case3,vilp-197,internvl,vilp,test,0,1,1,1,vision_hallucination|reasoning_hallucination,1,1.0043691669185453,-0.0,-14.146596616201904,0.4548997772828508,0.22884187082405344,0.2255011135857461,0.3030809205642168,0,consensus_low,1,1,1
vilp-212-case3,vilp-212,internvl,vilp,test,0,1,1,1,vision_hallucination|reasoning_hallucination,1,1.0206519064002435,-0.0,-15.959199767020944,0.626391982182628,0.22884187082405344,0.17316258351893096,0.34279881217520414,0,consensus_low,1,1,1
vilp-229-case3,vilp-229,internvl,vilp,test,0,1,1,1,vision_hallucination|reasoning_hallucination,1,1.0020240907650158,-0.0,-20.87108990621798,0.34242761692650336,0.22884187082405344,0.010579064587973273,0.19394951744617672,0,consensus_low,1,1,1
vilp-230-case3,vilp-230,internvl,vilp,test,0,1,1,1,vision_hallucination,1,1.0005001421361792,-0.0,6.580673949927622,0.15423162583518932,0.22884187082405344,0.5462138084632516,0.30976243504083145,0,consensus_low,1,1,1
vilp-234-case2,vilp-234,internvl,vilp,test,0,1,1,1,vision_hallucination|reasoning_hallucination,1,1.0007290896288936,-0.0,-13.17618126232645,0.2076837416481069,0.22884187082405344,0.2655902004454343,0.23403860430586487,0,consensus_low,1,1,1
vilp-236-case2,vilp-236,internvl,vilp,test,0,1,1,0,vision_hallucination|reasoning_hallucination,1,1.0001673079014035,-0.0,5.4659532508759945,0.05846325167037862,0.22884187082405344,0.5395322939866369,0.27561247216035634,0,consensus_low,1,1,1
vilp-237-case2,vilp-237,internvl,vilp,test,0,1,1,0,vision_hallucination|reasoning_hallucination,1,1.0002315044432502,-0.0,-14.41741020943484,0.07182628062360802,0.22884187082405344,0.21770601336302894,0.17279138827023013,0,consensus_low,1,1,1
vilp-239-case3,vilp-239,internvl,vilp,test,0,1,1,1,vision_hallucination|reasoning_hallucination,1,1.0001303735815503,-0.0,-10.46351634411189,0.04398663697104677,0.22884187082405344,0.3457683741648107,0.20619896065330365,0,consensus_low,1,1,1
vilp-244-case3,vilp-244,internvl,vilp,test,0,1,1,1,vision_hallucination|reasoning_hallucination,1,1.0003283600652886,-0.0,6.247825846990505,0.10634743875278396,0.22884187082405344,0.5439866369710468,0.2930586488492947,0,consensus_low,1,1,1
vilp-246-case2,vilp-246,internvl,vilp,test,0,1,1,1,vision_hallucination|reasoning_hallucination,1,1.0011180522889205,-0.0,-13.65850686802914,0.26893095768374164,0.22884187082405344,0.2477728285077951,0.2485152190051967,0,consensus_low,1,1,1
vilp-249-case2,vilp-249,internvl,vilp,test,0,1,1,1,vision_hallucination|reasoning_hallucination,1,1.0004694378362622,-0.0,-18.50634870922267,0.1453229398663697,0.22884187082405344,0.07182628062360802,0.14866369710467706,0,consensus_low,1,1,1
vilp-263-case2,vilp-263,internvl,vilp,test,0,1,1,1,vision_hallucination|reasoning_hallucination,1,1.0005529227745635,-0.0,-15.65632706235775,0.16425389755011136,0.22884187082405344,0.1809576837416481,0.19135115070527098,0,consensus_low,1,1,1
vilp-267-case2,vilp-267,internvl,vilp,test,0,1,1,1,vision_hallucination|reasoning_hallucination,1,1.0005330785538296,-0.0,-16.629647255227766,0.15979955456570155,0.22884187082405344,0.1475501113585746,0.17873051224944322,0,consensus_low,1,1,1
vilp-273-case2,vilp-273,internvl,vilp,test,0,1,1,0,vision_hallucination|reasoning_hallucination,1,1.0007156736092992,-0.0,-11.967083008454598,0.205456570155902,0.22884187082405344,0.30902004454342985,0.24777282850779506,0,consensus_low,1,1,1
hallusionbench-image-VS-table-10-2-3,hallusionbench-image-VS-table-10,internvl,hallusionbench,image,0,1,1,1,vision_hallucination|reasoning_hallucination,1,1.0000429153446666,-0.0,-17.600272298229175,0.11720142602495544,0.20855614973262032,0.14661319073083778,0.15745692216280452,0,consensus_low,1,1,1
hallusionbench-image-VS-map-4-2-1,hallusionbench-image-VS-map-4,internvl,hallusionbench,image,0,1,1,1,vision_hallucination|reasoning_hallucination,1,1.000036001205912,-0.0,-20.48233737955449,0.10294117647058823,0.20855614973262032,0.022727272727272728,0.11140819964349376,0,consensus_low,1,1,1
hallusionbench-image-VS-map-4-2-0,hallusionbench-image-VS-map-4,internvl,hallusionbench,image,0,1,1,1,vision_hallucination|reasoning_hallucination,1,1.0000919103656871,-0.0,-19.76811457129808,0.21880570409982175,0.20855614973262032,0.04322638146167558,0.1568627450980392,0,consensus_low,1,1,1
hallusionbench-image-VS-map-4-2-3,hallusionbench-image-VS-map-4,internvl,hallusionbench,image,0,1,1,1,vision_hallucination|reasoning_hallucination,1,1.0000662803640974,-0.0,-18.08420487698128,0.1590909090909091,0.20855614973262032,0.12254901960784313,0.16339869281045752,0,consensus_low,1,1,1
hallusionbench-image-VS-map-5-2-1,hallusionbench-image-VS-map-5,internvl,hallusionbench,image,0,1,1,1,vision_hallucination|reasoning_hallucination,1,1.0002205371841686,-0.0,-18.684195420104608,0.3729946524064171,0.20855614973262032,0.10115864527629234,0.22756981580510993,0,consensus_low,1,1,1
hallusionbench-image-VS-map-7-2-0,hallusionbench-image-VS-map-7,internvl,hallusionbench,image,0,1,1,1,vision_hallucination|reasoning_hallucination,1,1.00008916855119,-0.0,-18.527204281299877,0.2090017825311943,0.20855614973262032,0.10561497326203209,0.17439096850861557,0,consensus_low,1,1,1
hallusionbench-image-VS-map-10-2-1,hallusionbench-image-VS-map-10,internvl,hallusionbench,image,0,1,1,2,vision_hallucination|reasoning_hallucination,1,1.000052809716309,-0.0,-18.105617474106673,0.13413547237076648,0.20855614973262032,0.12076648841354724,0.15448603683897802,0,consensus_low,1,1,1
hallusionbench-image-VD-illusion-1-0-2,hallusionbench-image-VD-illusion-1,internvl,hallusionbench,image,0,1,1,1,vision_hallucination|reasoning_hallucination,1,1.0002417564373416,-0.0,-16.100545728389523,0.392602495543672,0.20855614973262032,0.20632798573975045,0.2691622103386809,0,consensus_low,1,1,1
hallusionbench-image-VD-illusion-8-0-0,hallusionbench-image-VD-illusion-8,internvl,hallusionbench,image,0,1,1,1,reasoning_hallucination,1,1.0002455711325613,-0.0,-16.58934656420276,0.3979500891265597,0.20855614973262032,0.1947415329768271,0.26708259061200235,0,consensus_low,1,1,1
hallusionbench-image-VD-illusion-19-0-0,hallusionbench-image-VD-illusion-19,internvl,hallusionbench,image,0,1,1,1,vision_hallucination|reasoning_hallucination,1,1.000004768371582,-0.0,-20.407050280136747,0.004010695187165776,0.20855614973262032,0.02540106951871658,0.07932263814616755,0,consensus_low,1,1,1
hallusionbench-image-VD-illusion-19-0-1,hallusionbench-image-VD-illusion-19,internvl,hallusionbench,image,0,1,1,2,vision_hallucination|reasoning_hallucination,1,1.000109076496614,0.5003910013852862,-17.236335914752452,0.2446524064171123,0.5628342245989305,0.17245989304812834,0.3266488413547237,0,consensus_low,1,1,1
hallusionbench-image-VD-illusion-23-0-0,hallusionbench-image-VD-illusion-23,internvl,hallusionbench,image,0,1,1,1,vision_hallucination|reasoning_hallucination,1,1.0000371932987775,-0.0,-21.45939788234187,0.10828877005347594,0.20855614973262032,0.008467023172905526,0.10843731431966726,0,consensus_low,1,1,1
hallusionbench-image-VD-illusion-29-0-0,hallusionbench-image-VD-illusion-29,internvl,hallusionbench,image,0,1,1,1,vision_hallucination,1,1.0000771284087155,-0.0,-18.793485374440426,0.1840463458110517,0.20855614973262032,0.09491978609625669,0.16250742721330955,0,consensus_low,1,1,1
hallusionbench-image-VD-math-4-0-0,hallusionbench-image-VD-math-4,internvl,hallusionbench,image,0,1,1,1,vision_hallucination,1,1.0000356435761466,-0.0,-10.641167267117645,0.10204991087344029,0.20855614973262032,0.3516042780748663,0.220736779560309,0,consensus_low,1,1,1
hallusionbench-image-VD-math-4-1-1,hallusionbench-image-VD-math-4,internvl,hallusionbench,image,0,1,1,1,vision_hallucination|reasoning_hallucination,1,1.0000218152996505,-0.0,-4.057817866554139,0.05169340463458111,0.20855614973262032,0.45499108734402854,0.23841354723707667,0,consensus_low,1,1,1
hallusionbench-image-VD-math-10-1-0,hallusionbench-image-VD-math-10,internvl,hallusionbench,image,0,1,1,1,vision_hallucination|reasoning_hallucination,1,1.000808239003848,-0.0,-15.99925730513306,0.6038324420677362,0.20855614973262032,0.20811051693404634,0.3401663695781343,0,consensus_low,1,1,1
hallusionbench-image-VD-math-12-1-0,hallusionbench-image-VD-math-12,internvl,hallusionbench,image,0,1,1,2,vision_hallucination|reasoning_hallucination,1,1.0000679492970144,-0.0,67.55281138473639,0.16532976827094475,0.20855614973262032,0.6822638146167558,0.3520499108734403,0,consensus_low,1,1,1
hallusionbench-image-VD-math-17-0-0,hallusionbench-image-VD-math-17,internvl,hallusionbench,image,0,1,1,1,vision_hallucination|reasoning_hallucination,1,1.000096797942017,-0.0,-11.211565194732392,0.22370766488413546,0.20855614973262032,0.3382352941176471,0.25683303624480097,0,consensus_low,1,1,1
hallusionbench-image-VD-ocr-3-2-0,hallusionbench-image-VD-ocr-3,internvl,hallusionbench,image,0,1,1,1,vision_hallucination|reasoning_hallucination,1,1.000046730041925,-0.0,-18.689204715829383,0.12344028520499109,0.20855614973262032,0.10026737967914438,0.14408793820558527,0,consensus_low,1,1,1
hallusionbench-image-VD-ocr-19-0-1,hallusionbench-image-VD-ocr-19,internvl,hallusionbench,image,0,1,1,1,reasoning_hallucination,1,1.0003405809499428,-0.0,-13.371263441633424,0.44875222816399285,0.20855614973262032,0.27228163992869875,0.30986333927510396,0,consensus_low,1,1,1
hallusionbench-image-VD-figure-1-1-0,hallusionbench-image-VD-figure-1,internvl,hallusionbench,image,0,1,1,1,vision_hallucination|reasoning_hallucination,1,1.000212669369807,-0.0,-19.46602775917268,0.3640819964349376,0.20855614973262032,0.05570409982174688,0.20944741532976827,0,consensus_low,1,1,1
hallusionbench-image-VD-figure-3-0-1,hallusionbench-image-VD-figure-3,internvl,hallusionbench,image,0,1,1,1,vision_hallucination|reasoning_hallucination,1,1.000124454500491,-0.0,-17.332604118064587,0.26515151515151514,0.20855614973262032,0.1626559714795009,0.21212121212121213,0,consensus_low,1,1,1
hallusionbench-image-VD-figure-4-0-1,hallusionbench-image-VD-figure-4,internvl,hallusionbench,image,0,1,1,1,vision_hallucination|reasoning_hallucination,1,1.0000984668749258,-0.0,-21.557852995098457,0.2286096256684492,0.20855614973262032,0.0066844919786096255,0.14795008912655971,0,consensus_low,1,1,1
hallusionbench-image-VD-figure-6-1-0,hallusionbench-image-VD-figure-6,internvl,hallusionbench,image,0,1,1,1,vision_hallucination|reasoning_hallucination,1,1.0001777410559622,-0.0,-18.129363283625946,0.3373440285204991,0.20855614973262032,0.11809269162210338,0.22133095662507427,0,consensus_low,1,1,1
hallusionbench-image-VD-figure-12-1-1,hallusionbench-image-VD-figure-12,internvl,hallusionbench,image,0,1,1,1,vision_hallucination|reasoning_hallucination,1,1.0003885030853006,-0.0,-15.782103330880314,0.4763814616755793,0.20855614973262032,0.21345811051693406,0.29946524064171126,0,consensus_low,1,1,1
hallusionbench-image-VD-figure-17-1-1,hallusionbench-image-VD-figure-17,internvl,hallusionbench,image,0,1,1,0,vision_hallucination|reasoning_hallucination,1,1.000036597252167,-0.0,-18.24489647012153,0.10650623885918004,0.20855614973262032,0.1163101604278075,0.14379084967320263,0,consensus_low,1,1,1
hallusionbench-image-VD-video-2-1-0,hallusionbench-image-VD-video-2,internvl,hallusionbench,image,0,1,1,1,vision_hallucination|reasoning_hallucination,1,1.0002311468054297,-0.0,-16.856547529584624,0.3810160427807487,0.20855614973262032,0.1840463458110517,0.25787284610814026,0,consensus_low,1,1,1
hallusionbench-image-VD-video-4-1-1,hallusionbench-image-VD-video-4,internvl,hallusionbench,image,0,1,1,1,vision_hallucination|reasoning_hallucination,1,1.0003701448494473,-0.0,-14.967882838823844,0.4696969696969697,0.20855614973262032,0.23306595365418895,0.30377302436125964,0,consensus_low,1,1,1
hallusionbench-image-VD-video-7-1-0,hallusionbench-image-VD-video-7,internvl,hallusionbench,image,0,1,1,1,vision_hallucination|reasoning_hallucination,1,1.0002220869131364,-0.0,-17.285598588061593,0.37655971479500894,0.20855614973262032,0.16532976827094475,0.2501485442661913,0,consensus_low,1,1,1
hallusionbench-image-VD-video-13-0-0,hallusionbench-image-VD-video-13,internvl,hallusionbench,image,0,1,1,1,vision_hallucination|reasoning_hallucination,1,1.0000538825989385,-0.0,-10.005643475184748,0.1354723707664884,0.20855614973262032,0.36764705882352944,0.23722519310754606,0,consensus_low,1,1,1
hallusionbench-non_image-VS-chart-17-0-0,hallusionbench-non_image-VS-chart-17,internvl,hallusionbench,non_image,0,1,1,1,vision_hallucination|reasoning_hallucination,1,1.000195264814968,-0.0,-15.148341523769805,0.3516042780748663,0.20855614973262032,0.22950089126559714,0.26322043969102793,0,consensus_low,1,1,1
hallusionbench-non_image-VS-table-4-0-2,hallusionbench-non_image-VS-table-4,internvl,hallusionbench,non_image,0,1,1,1,vision_hallucination|reasoning_hallucination,1,1.0001715421673525,-0.0,-14.379108778165367,0.3319964349376114,0.20855614973262032,0.2482174688057041,0.2629233511586453,0,consensus_low,1,1,1
hallusionbench-image-VS-chart-3-2-3,hallusionbench-image-VS-chart-3,internvl,hallusionbench,image,0,1,1,1,vision_hallucination|reasoning_hallucination,1,1.000219702724676,-0.0,-17.523350750812327,0.3721033868092692,0.20855614973262032,0.1501782531194296,0.24361259655377301,0,consensus_low,1,1,1
hallusionbench-image-VS-chart-9-2-3,hallusionbench-image-VS-chart-9,internvl,hallusionbench,image,0,1,1,1,vision_hallucination|reasoning_hallucination,1,1.0001417398485977,-0.0,-18.018127013670476,0.2936720142602496,0.20855614973262032,0.1270053475935829,0.2097445038621509,0,consensus_low,1,1,1
hallusionbench-image-VS-table-8-2-1,hallusionbench-image-VS-table-8,internvl,hallusionbench,image,0,1,1,2,vision_hallucination|reasoning_hallucination,1,1.0000933408714077,-0.0,-18.99023539980825,0.22058823529411764,0.20855614973262032,0.07976827094474154,0.16963755199049316,0,consensus_low,1,1,1
hallusionbench-image-VD-illusion-10-0-0,hallusionbench-image-VD-illusion-10,internvl,hallusionbench,image,0,1,1,1,vision_hallucination|reasoning_hallucination,1,1.0000692605945671,-0.0,-18.864369361528738,0.1680035650623886,0.20855614973262032,0.08957219251336898,0.155377302436126,0,consensus_low,1,1,1
mmvet-v1_16,mmvet-v1_16,internvl,mmvet,test,0,1,1,1,vision_hallucination,1,1.0004486482272477,0.5005079355862603,-12.796749126696016,0.1966019417475728,0.4393203883495146,0.30339805825242716,0.3131067961165049,0,consensus_low,1,1,1
mmvet-v1_21,mmvet-v1_21,internvl,mmvet,test,0,1,1,1,vision_hallucination|reasoning_hallucination,1,1.000612974180892,-0.0,-15.646321016200424,0.21601941747572814,0.18689320388349515,0.24029126213592233,0.21440129449838188,0,consensus_low,1,1,1
mmvet-v1_32,mmvet-v1_32,internvl,mmvet,test,0,1,1,2,vision_hallucination,4,1.0121193672908326,-0.0,-12.184555526203432,0.4538834951456311,0.18689320388349515,0.3422330097087379,0.3276699029126214,0,consensus_low,1,1,1
mmvet-v1_107,mmvet-v1_107,internvl,mmvet,test,0,1,1,2,vision_hallucination,1,1.0035893916094698,-0.0,-21.28661010610381,0.3470873786407767,0.18689320388349515,0.01699029126213592,0.18365695792880257,0,consensus_low,1,1,1
